{
  "typeName" : "AWS::EC2::Volume",
  "description" : "Resource Type definition for AWS::EC2::Volume",
  "sourceUrl" : "https://github.com/aws-cloudformation/aws-cloudformation-resource-providers-ec2.git",
  "additionalProperties" : false,
  "properties" : {
    "MultiAttachEnabled" : {
      "type" : "boolean",
      "description" : "Indicates whether Amazon EBS Multi-Attach is enabled."
    },
    "KmsKeyId" : {
      "type" : "string",
      "description" : "The identifier of the AWS Key Management Service (AWS KMS) customer master key (CMK) to use for Amazon EBS encryption. If KmsKeyId is specified, the encrypted state must be true. If you omit this property and your account is enabled for encryption by default, or Encrypted is set to true, then the volume is encrypted using the default CMK specified for your account. If your account does not have a default CMK, then the volume is encrypted using the AWS managed CMK.  Alternatively, if you want to specify a different CMK, you can specify one of the following:  Key ID. For example, 1234abcd-12ab-34cd-56ef-1234567890ab. Key alias. Specify the alias for the CMK, prefixed with alias/. For example, for a CMK with the alias my_cmk, use alias/my_cmk. Or to specify the AWS managed CMK, use alias/aws/ebs. Key ARN. For example, arn:aws:kms:us-east-1:012345678910:key/1234abcd-12ab-34cd-56ef-1234567890ab. Alias ARN. For example, arn:aws:kms:us-east-1:012345678910:alias/ExampleAlias."
    },
    "Encrypted" : {
      "type" : "boolean",
      "description" : "Specifies whether the volume should be encrypted. The effect of setting the encryption state to true depends on the volume origin (new or from a snapshot), starting encryption state, ownership, and whether encryption by default is enabled. For more information, see Encryption by default in the Amazon Elastic Compute Cloud User Guide. Encrypted Amazon EBS volumes must be attached to instances that support Amazon EBS encryption. For more information, see Supported instance types."
    },
    "Size" : {
      "type" : "integer",
      "description" : "The size of the volume, in GiBs. You must specify either a snapshot ID or a volume size.  Constraints: 1-16,384 for gp2, 4-16,384 for io1 and io2, 500-16,384 for st1, 500-16,384 for sc1, and 1-1,024 for standard. If you specify a snapshot, the volume size must be equal to or larger than the snapshot size. Default: If you're creating the volume from a snapshot and don't specify a volume size, the default is the snapshot size. "
    },
    "AutoEnableIO" : {
      "type" : "boolean",
      "description" : "The Availability Zone in which to create the volume."
    },
    "OutpostArn" : {
      "type" : "string",
      "description" : "The Amazon Resource Name (ARN) of the Outpost."
    },
    "AvailabilityZone" : {
      "type" : "string",
      "description" : "The Availability Zone in which to create the volume."
    },
    "Throughput" : {
      "type" : "integer",
      "description" : "The throughput that the volume supports, in MiB/s."
    },
    "Iops" : {
      "type" : "integer",
      "description" : "The number of I/O operations per second (IOPS) to provision for an io1 or io2 volume, with a maximum ratio of 50 IOPS/GiB for io1, and 500 IOPS/GiB for io2. Range is 100 to 64,000 IOPS for volumes in most Regions. Maximum IOPS of 64,000 is guaranteed only on Nitro-based instances. Other instance families guarantee performance up to 32,000 IOPS. For more information, see Amazon EBS volume types in the Amazon Elastic Compute Cloud User Guide. This parameter is valid only for Provisioned IOPS SSD (io1 and io2) volumes. "
    },
    "SnapshotId" : {
      "type" : "string",
      "description" : "The snapshot from which to create the volume. You must specify either a snapshot ID or a volume size. "
    },
    "VolumeType" : {
      "type" : "string",
      "description" : "The volume type. This parameter can be one of the following values: General Purpose SSD: gp2 | gp3, Provisioned IOPS SSD: io1 | io2, Throughput Optimized HDD: st1, Cold HDD: sc1, Magnetic: standard"
    },
    "VolumeId" : {
      "type" : "string"
    },
    "Tags" : {
      "type" : "array",
      "uniqueItems" : false,
      "description" : "The tags to apply to the volume during creation.",
      "insertionOrder" : false,
      "items" : {
        "$ref" : "#/definitions/Tag"
      }
    }
  },
  "definitions" : {
    "Tag" : {
      "type" : "object",
      "additionalProperties" : false,
      "properties" : {
        "Key" : {
          "description" : "The key name of the tag. You can specify a value that is 1 to 128 Unicode characters in length and cannot be prefixed with aws:. You can use any of the following characters: the set of Unicode letters, digits, whitespace, _, ., /, =, +, and -.",
          "type" : "string"
        },
        "Value" : {
          "description" : "The value for the tag. You can specify a value that is 0 to 256 Unicode characters in length and cannot be prefixed with aws:. You can use any of the following characters: the set of Unicode letters, digits, whitespace, _, ., /, =, +, and -. ",
          "type" : "string"
        }
      },
      "required" : [ "Value", "Key" ]
    }
  },
  "tagging" : {
    "taggable" : true,
    "tagOnCreate" : true,
    "tagUpdatable" : true,
    "cloudFormationSystemTags" : false,
    "tagProperty" : "/properties/Tags"
  },
  "handlers" : {
    "create" : {
      "permissions" : [ "ec2:CreateVolume", "ec2:DescribeVolumes", "ec2:DescribeVolumeAttribute", "ec2:ModifyVolumeAttribute", "ec2:CreateTags" ]
    },
    "read" : {
      "permissions" : [ "ec2:DescribeVolumes", "ec2:DescribeVolumeAttribute", "ec2:DescribeTags" ]
    },
    "update" : {
      "permissions" : [ "ec2:ModifyVolume", "ec2:ModifyVolumeAttribute", "ec2:DescribeVolumeAttribute", "ec2:DescribeVolumesModifications", "ec2:DescribeVolumes", "ec2:CreateTags", "ec2:DeleteTags" ],
      "timeoutInMinutes" : 2160
    },
    "delete" : {
      "permissions" : [ "ec2:DeleteVolume", "ec2:CreateSnapshot", "ec2:DescribeSnapshots", "ec2:DeleteTags", "ec2:DescribeVolumes" ]
    },
    "list" : {
      "permissions" : [ "ec2:DescribeVolumes", "ec2:DescribeTags", "ec2:DescribeVolumeAttribute" ]
    }
  },
  "required" : [ "AvailabilityZone" ],
  "primaryIdentifier" : [ "/properties/VolumeId" ],
  "readOnlyProperties" : [ "/properties/VolumeId" ]
}