{
  "typeName" : "AWS::EC2::NetworkInsightsAccessScopeAnalysis",
  "description" : "Resource schema for AWS::EC2::NetworkInsightsAccessScopeAnalysis",
  "sourceUrl" : "https://github.com/aws-cloudformation/aws-cloudformation-resource-providers-ec2-ni.git",
  "definitions" : {
    "Tag" : {
      "type" : "object",
      "additionalProperties" : false,
      "properties" : {
        "Key" : {
          "type" : "string"
        },
        "Value" : {
          "type" : "string"
        }
      },
      "required" : [ "Key" ]
    }
  },
  "properties" : {
    "NetworkInsightsAccessScopeAnalysisId" : {
      "type" : "string"
    },
    "NetworkInsightsAccessScopeAnalysisArn" : {
      "type" : "string"
    },
    "NetworkInsightsAccessScopeId" : {
      "type" : "string"
    },
    "Status" : {
      "type" : "string",
      "enum" : [ "running", "failed", "succeeded" ]
    },
    "StatusMessage" : {
      "type" : "string"
    },
    "StartDate" : {
      "type" : "string"
    },
    "EndDate" : {
      "type" : "string"
    },
    "FindingsFound" : {
      "type" : "string",
      "enum" : [ "true", "false", "unknown" ]
    },
    "AnalyzedEniCount" : {
      "type" : "integer"
    },
    "Tags" : {
      "type" : "array",
      "insertionOrder" : false,
      "items" : {
        "$ref" : "#/definitions/Tag"
      }
    }
  },
  "additionalProperties" : false,
  "required" : [ "NetworkInsightsAccessScopeId" ],
  "readOnlyProperties" : [ "/properties/NetworkInsightsAccessScopeAnalysisId", "/properties/NetworkInsightsAccessScopeAnalysisArn", "/properties/Status", "/properties/StatusMessage", "/properties/StartDate", "/properties/EndDate", "/properties/FindingsFound", "/properties/AnalyzedEniCount" ],
  "createOnlyProperties" : [ "/properties/NetworkInsightsAccessScopeId" ],
  "primaryIdentifier" : [ "/properties/NetworkInsightsAccessScopeAnalysisId" ],
  "additionalIdentifiers" : [ [ "/properties/NetworkInsightsAccessScopeAnalysisArn" ] ],
  "handlers" : {
    "create" : {
      "permissions" : [ "ec2:StartNetworkInsightsAccessScopeAnalysis", "ec2:GetTransitGatewayRouteTablePropagations", "ec2:DescribeTransitGatewayPeeringAttachments", "ec2:SearchTransitGatewayRoutes", "ec2:DescribeTransitGatewayRouteTables", "ec2:DescribeTransitGatewayVpcAttachments", "ec2:DescribeTransitGatewayAttachments", "ec2:DescribeTransitGateways", "ec2:GetManagedPrefixListEntries", "ec2:DescribeManagedPrefixLists", "ec2:DescribeAvailabilityZones", "ec2:DescribeCustomerGateways", "ec2:DescribeInstances", "ec2:DescribeInternetGateways", "ec2:DescribeNatGateways", "ec2:DescribeNetworkAcls", "ec2:DescribeNetworkInterfaces", "ec2:DescribePrefixLists", "ec2:DescribeRegions", "ec2:DescribeRouteTables", "ec2:DescribeSecurityGroups", "ec2:DescribeSubnets", "ec2:DescribeVpcEndpoints", "ec2:DescribeVpcPeeringConnections", "ec2:DescribeVpcs", "ec2:DescribeVpnConnections", "ec2:DescribeVpnGateways", "ec2:DescribeVpcEndpointServiceConfigurations", "elasticloadbalancing:DescribeListeners", "elasticloadbalancing:DescribeLoadBalancers", "elasticloadbalancing:DescribeLoadBalancerAttributes", "elasticloadbalancing:DescribeRules", "elasticloadbalancing:DescribeTags", "elasticloadbalancing:DescribeTargetGroups", "elasticloadbalancing:DescribeTargetHealth", "directconnect:DescribeConnections", "directconnect:DescribeDirectConnectGateways", "directconnect:DescribeDirectConnectGatewayAssociations", "directconnect:DescribeDirectConnectGatewayAttachments", "directconnect:DescribeVirtualGateways", "directconnect:DescribeVirtualInterfaces", "tiros:CreateQuery", "tiros:GetQueryAnswer", "tiros:GetQueryExplanation" ]
    },
    "read" : {
      "permissions" : [ "ec2:DescribeNetworkInsightsAccessScopeAnalyses" ]
    },
    "update" : {
      "permissions" : [ "ec2:DescribeNetworkInsightsAccessScopeAnalyses", "ec2:CreateTags", "ec2:DeleteTags" ]
    },
    "delete" : {
      "permissions" : [ "ec2:DeleteNetworkInsightsAccessScopeAnalysis" ]
    },
    "list" : {
      "permissions" : [ "ec2:DescribeNetworkInsightsAccessScopeAnalyses" ]
    }
  }
}