{
  "typeName" : "AWS::EventSchemas::Discoverer",
  "description" : "Resource Type definition for AWS::EventSchemas::Discoverer",
  "additionalProperties" : false,
  "properties" : {
    "DiscovererArn" : {
      "type" : "string"
    },
    "DiscovererId" : {
      "type" : "string"
    },
    "CrossAccount" : {
      "type" : "boolean"
    },
    "Description" : {
      "type" : "string"
    },
    "SourceArn" : {
      "type" : "string"
    },
    "Tags" : {
      "type" : "array",
      "uniqueItems" : false,
      "items" : {
        "$ref" : "#/definitions/TagsEntry"
      }
    }
  },
  "definitions" : {
    "TagsEntry" : {
      "type" : "object",
      "additionalProperties" : false,
      "properties" : {
        "Value" : {
          "type" : "string"
        },
        "Key" : {
          "type" : "string"
        }
      },
      "required" : [ "Value", "Key" ]
    }
  },
  "required" : [ "SourceArn" ],
  "createOnlyProperties" : [ "/properties/SourceArn" ],
  "primaryIdentifier" : [ "/properties/DiscovererId" ],
  "readOnlyProperties" : [ "/properties/DiscovererId", "/properties/DiscovererArn" ]
}