{
  "typeName" : "AWS::EC2::VPCEndpoint",
  "description" : "Resource Type definition for AWS::EC2::VPCEndpoint",
  "additionalProperties" : false,
  "properties" : {
    "Id" : {
      "type" : "string"
    },
    "CreationTimestamp" : {
      "type" : "string"
    },
    "DnsEntries" : {
      "type" : "array",
      "uniqueItems" : false,
      "insertionOrder" : false,
      "items" : {
        "type" : "string"
      }
    },
    "NetworkInterfaceIds" : {
      "type" : "array",
      "uniqueItems" : false,
      "insertionOrder" : false,
      "items" : {
        "type" : "string"
      }
    },
    "PolicyDocument" : {
      "type" : [ "string", "object" ],
      "description" : "A policy to attach to the endpoint that controls access to the service."
    },
    "PrivateDnsEnabled" : {
      "type" : "boolean",
      "description" : "Indicate whether to associate a private hosted zone with the specified VPC."
    },
    "RouteTableIds" : {
      "type" : "array",
      "description" : "One or more route table IDs.",
      "uniqueItems" : true,
      "insertionOrder" : false,
      "items" : {
        "type" : "string"
      }
    },
    "SecurityGroupIds" : {
      "type" : "array",
      "description" : "The ID of one or more security groups to associate with the endpoint network interface.",
      "uniqueItems" : true,
      "insertionOrder" : false,
      "items" : {
        "type" : "string"
      }
    },
    "ServiceName" : {
      "type" : "string",
      "description" : "The service name."
    },
    "SubnetIds" : {
      "type" : "array",
      "description" : "The ID of one or more subnets in which to create an endpoint network interface.",
      "uniqueItems" : true,
      "insertionOrder" : false,
      "items" : {
        "type" : "string"
      }
    },
    "VpcEndpointType" : {
      "type" : "string",
      "enum" : [ "Interface", "Gateway", "GatewayLoadBalancer" ]
    },
    "VpcId" : {
      "type" : "string",
      "description" : "The ID of the VPC in which the endpoint will be used."
    }
  },
  "required" : [ "VpcId", "ServiceName" ],
  "readOnlyProperties" : [ "/properties/NetworkInterfaceIds", "/properties/CreationTimestamp", "/properties/DnsEntries", "/properties/Id" ],
  "createOnlyProperties" : [ "/properties/ServiceName", "/properties/VpcEndpointType", "/properties/VpcId" ],
  "primaryIdentifier" : [ "/properties/Id" ],
  "tagging" : {
    "taggable" : false,
    "tagOnCreate" : false,
    "tagUpdatable" : false,
    "cloudFormationSystemTags" : false
  },
  "handlers" : {
    "create" : {
      "permissions" : [ "ec2:CreateVpcEndpoint", "ec2:DescribeVpcEndpoints" ],
      "timeoutInMinutes" : 210
    },
    "read" : {
      "permissions" : [ "ec2:DescribeVpcEndpoints" ]
    },
    "update" : {
      "permissions" : [ "ec2:ModifyVpcEndpoint", "ec2:DescribeVpcEndpoints" ],
      "timeoutInMinutes" : 210
    },
    "delete" : {
      "permissions" : [ "ec2:DeleteVpcEndpoints" ],
      "timeoutInMinutes" : 210
    },
    "list" : {
      "permissions" : [ "ec2:DescribeVpcEndpoints" ]
    }
  }
}