{
  "typeName" : "AWS::CUR::ReportDefinition",
  "description" : "The AWS::CUR::ReportDefinition resource creates a Cost & Usage Report with user-defined settings. You can use this resource to define settings like time granularity (hourly, daily, monthly), file format (Parquet, CSV), and S3 bucket for delivery of these reports.",
  "sourceUrl" : "https://github.com/aws-cloudformation/aws-cloudformation-resource-providers-cur.git",
  "properties" : {
    "ReportName" : {
      "description" : "The name of the report that you want to create. The name must be unique, is case sensitive, and can't include spaces.",
      "type" : "string",
      "minLength" : 1,
      "maxLength" : 256,
      "pattern" : "[0-9A-Za-z!\\-_.*\\'()]+"
    },
    "TimeUnit" : {
      "description" : "The granularity of the line items in the report.",
      "type" : "string",
      "enum" : [ "HOURLY", "DAILY", "MONTHLY" ]
    },
    "Format" : {
      "description" : "The format that AWS saves the report in.",
      "type" : "string",
      "enum" : [ "textORcsv", "Parquet" ]
    },
    "Compression" : {
      "description" : "The compression format that AWS uses for the report.",
      "type" : "string",
      "enum" : [ "ZIP", "GZIP", "Parquet" ]
    },
    "AdditionalSchemaElements" : {
      "description" : "A list of strings that indicate additional content that Amazon Web Services includes in the report, such as individual resource IDs.",
      "type" : "array",
      "default" : [ ],
      "items" : {
        "description" : "Whether or not AWS includes resource IDs in the report.",
        "type" : "string",
        "enum" : [ "RESOURCES" ]
      }
    },
    "S3Bucket" : {
      "description" : "The S3 bucket where AWS delivers the report.",
      "type" : "string",
      "minLength" : 1,
      "maxLength" : 256,
      "pattern" : "[A-Za-z0-9_\\.\\-]+"
    },
    "S3Prefix" : {
      "description" : "The prefix that AWS adds to the report name when AWS delivers the report. Your prefix can't include spaces.",
      "type" : "string",
      "minLength" : 1,
      "maxLength" : 256,
      "pattern" : "[0-9A-Za-z!\\-_.*\\'()/]*"
    },
    "S3Region" : {
      "description" : "The region of the S3 bucket that AWS delivers the report into.",
      "type" : "string"
    },
    "AdditionalArtifacts" : {
      "description" : "A list of manifests that you want Amazon Web Services to create for this report.",
      "type" : "array",
      "default" : [ ],
      "items" : {
        "description" : "The types of manifest that you want AWS to create for this report.",
        "type" : "string",
        "enum" : [ "REDSHIFT", "QUICKSIGHT", "ATHENA" ]
      }
    },
    "RefreshClosedReports" : {
      "description" : "Whether you want Amazon Web Services to update your reports after they have been finalized if Amazon Web Services detects charges related to previous months. These charges can include refunds, credits, or support fees.",
      "type" : "boolean"
    },
    "ReportVersioning" : {
      "description" : "Whether you want Amazon Web Services to overwrite the previous version of each report or to deliver the report in addition to the previous versions.",
      "type" : "string",
      "enum" : [ "CREATE_NEW_REPORT", "OVERWRITE_REPORT" ]
    },
    "BillingViewArn" : {
      "description" : "The Amazon resource name of the billing view. You can get this value by using the billing view service public APIs.",
      "type" : "string",
      "default" : null,
      "pattern" : "(arn:aws(-cn)?:billing::[0-9]{12}:billingview/)?[a-zA-Z0-9_\\+=\\.\\-@].{1,30}",
      "minLength" : 1,
      "maxLength" : 128
    }
  },
  "additionalProperties" : false,
  "required" : [ "ReportName", "TimeUnit", "Format", "Compression", "S3Bucket", "S3Prefix", "S3Region", "RefreshClosedReports", "ReportVersioning" ],
  "createOnlyProperties" : [ "/properties/ReportName", "/properties/AdditionalSchemaElements", "/properties/TimeUnit", "/properties/ReportVersioning", "/properties/BillingViewArn" ],
  "primaryIdentifier" : [ "/properties/ReportName" ],
  "handlers" : {
    "create" : {
      "permissions" : [ "cur:PutReportDefinition" ]
    },
    "read" : {
      "permissions" : [ "cur:DescribeReportDefinitions" ]
    },
    "update" : {
      "permissions" : [ "cur:DescribeReportDefinitions", "cur:ModifyReportDefinition" ]
    },
    "delete" : {
      "permissions" : [ "cur:DescribeReportDefinitions", "cur:DeleteReportDefinition" ]
    },
    "list" : {
      "permissions" : [ "cur:DescribeReportDefinitions" ]
    }
  }
}