{
  "typeName" : "AWS::EC2::VPCEndpointConnectionNotification",
  "description" : "Resource Type definition for AWS::EC2::VPCEndpointConnectionNotification",
  "additionalProperties" : false,
  "properties" : {
    "Id" : {
      "type" : "string"
    },
    "ConnectionEvents" : {
      "type" : "array",
      "uniqueItems" : false,
      "items" : {
        "type" : "string"
      }
    },
    "VPCEndpointId" : {
      "type" : "string"
    },
    "ServiceId" : {
      "type" : "string"
    },
    "ConnectionNotificationArn" : {
      "type" : "string"
    }
  },
  "required" : [ "ConnectionEvents", "ConnectionNotificationArn" ],
  "createOnlyProperties" : [ "/properties/VPCEndpointId", "/properties/ServiceId" ],
  "readOnlyProperties" : [ "/properties/Id" ],
  "primaryIdentifier" : [ "/properties/Id" ]
}