{
  "typeName" : "AWS::FraudDetector::Outcome",
  "description" : "An outcome for rule evaluation.",
  "sourceUrl" : "https://github.com/aws-cloudformation/aws-cloudformation-rpdk.git",
  "definitions" : {
    "Tag" : {
      "type" : "object",
      "properties" : {
        "Key" : {
          "type" : "string",
          "minLength" : 1,
          "maxLength" : 128
        },
        "Value" : {
          "type" : "string",
          "minLength" : 0,
          "maxLength" : 256
        }
      },
      "required" : [ "Key", "Value" ],
      "additionalProperties" : false
    }
  },
  "properties" : {
    "Name" : {
      "description" : "The name of the outcome.",
      "type" : "string",
      "pattern" : "^[0-9a-z_-]+$",
      "minLength" : 1,
      "maxLength" : 64
    },
    "Tags" : {
      "description" : "Tags associated with this outcome.",
      "type" : "array",
      "uniqueItems" : false,
      "insertionOrder" : false,
      "maxItems" : 200,
      "items" : {
        "$ref" : "#/definitions/Tag"
      }
    },
    "Description" : {
      "description" : "The outcome description.",
      "type" : "string",
      "minLength" : 1,
      "maxLength" : 128
    },
    "Arn" : {
      "description" : "The outcome ARN.",
      "type" : "string"
    },
    "CreatedTime" : {
      "description" : "The timestamp when the outcome was created.",
      "type" : "string"
    },
    "LastUpdatedTime" : {
      "description" : "The timestamp when the outcome was last updated.",
      "type" : "string"
    }
  },
  "createOnlyProperties" : [ "/properties/Name" ],
  "readOnlyProperties" : [ "/properties/Arn", "/properties/CreatedTime", "/properties/LastUpdatedTime" ],
  "additionalProperties" : false,
  "required" : [ "Name" ],
  "primaryIdentifier" : [ "/properties/Arn" ],
  "handlers" : {
    "create" : {
      "permissions" : [ "frauddetector:GetOutcomes", "frauddetector:PutOutcome", "frauddetector:ListTagsForResource" ]
    },
    "read" : {
      "permissions" : [ "frauddetector:GetOutcomes", "frauddetector:ListTagsForResource" ]
    },
    "update" : {
      "permissions" : [ "frauddetector:GetOutcomes", "frauddetector:PutOutcome", "frauddetector:ListTagsForResource", "frauddetector:TagResource", "frauddetector:UntagResource" ]
    },
    "delete" : {
      "permissions" : [ "frauddetector:GetOutcomes", "frauddetector:DeleteOutcome" ]
    },
    "list" : {
      "permissions" : [ "frauddetector:GetOutcomes", "frauddetector:ListTagsForResource" ]
    }
  }
}