{
  "typeName" : "AWS::ApiGatewayV2::IntegrationResponse",
  "description" : "Schema for ApiGatewayV2 Integration Response",
  "sourceUrl" : "https://github.com/aws-cloudformation/aws-cloudformation-resource-providers-apigatewayv2.git",
  "additionalProperties" : false,
  "properties" : {
    "IntegrationResponseId" : {
      "description" : "Integration Response ID generated by service",
      "type" : "string"
    },
    "ResponseTemplates" : {
      "description" : "The collection of response templates for the integration response as a string-to-string map of key-value pairs",
      "type" : "object"
    },
    "TemplateSelectionExpression" : {
      "description" : "The template selection expression for the integration response. Supported only for WebSocket APIs",
      "type" : "string"
    },
    "ResponseParameters" : {
      "description" : "A key-value map specifying response parameters that are passed to the method response from the backend",
      "type" : "object"
    },
    "ContentHandlingStrategy" : {
      "description" : " Specifies how to handle response payload content type conversions",
      "type" : "string"
    },
    "IntegrationId" : {
      "description" : "The integration ID",
      "type" : "string"
    },
    "IntegrationResponseKey" : {
      "description" : "The integration response key",
      "type" : "string"
    },
    "ApiId" : {
      "description" : "The API identifier",
      "type" : "string"
    }
  },
  "required" : [ "ApiId", "IntegrationId", "IntegrationResponseKey" ],
  "createOnlyProperties" : [ "/properties/ApiId", "/properties/IntegrationId" ],
  "readOnlyProperties" : [ "/properties/IntegrationResponseId" ],
  "primaryIdentifier" : [ "/properties/ApiId", "/properties/IntegrationId", "/properties/IntegrationResponseId" ],
  "tagging" : {
    "taggable" : false
  },
  "handlers" : {
    "create" : {
      "permissions" : [ "apigateway:POST" ]
    },
    "read" : {
      "permissions" : [ "apigateway:GET" ]
    },
    "update" : {
      "permissions" : [ "apigateway:PATCH", "apigateway:PUT", "apigateway:GET" ]
    },
    "delete" : {
      "permissions" : [ "apigateway:GET", "apigateway:DELETE" ]
    },
    "list" : {
      "permissions" : [ "apigateway:GET" ]
    }
  }
}