{
  "typeName" : "AWS::ApiGatewayV2::Model",
  "description" : "Resource Type definition for AWS::ApiGatewayV2::Model",
  "additionalProperties" : false,
  "properties" : {
    "ModelId" : {
      "type" : "string"
    },
    "Description" : {
      "type" : "string"
    },
    "ContentType" : {
      "type" : "string"
    },
    "Schema" : {
      "type" : "object"
    },
    "ApiId" : {
      "type" : "string"
    },
    "Name" : {
      "type" : "string"
    }
  },
  "required" : [ "ApiId", "Schema", "Name" ],
  "createOnlyProperties" : [ "/properties/ApiId" ],
  "primaryIdentifier" : [ "/properties/ApiId", "/properties/ModelId" ],
  "readOnlyProperties" : [ "/properties/ModelId" ],
  "tagging" : {
    "taggable" : false
  },
  "handlers" : {
    "create" : {
      "permissions" : [ "apigateway:POST" ]
    },
    "update" : {
      "permissions" : [ "apigateway:PATCH", "apigateway:GET", "apigateway:PUT" ]
    },
    "read" : {
      "permissions" : [ "apigateway:GET" ]
    },
    "delete" : {
      "permissions" : [ "apigateway:GET", "apigateway:DELETE" ]
    },
    "list" : {
      "permissions" : [ "apigateway:GET" ]
    }
  }
}