{
  "typeName" : "AWS::EC2::VPCEndpointConnectionNotification",
  "description" : "Resource Type definition for AWS::EC2::VPCEndpointConnectionNotification",
  "sourceUrl" : "https://github.com/aws-cloudformation/aws-cloudformation-resource-providers-ec2-vpc-endpoint",
  "additionalProperties" : false,
  "properties" : {
    "VPCEndpointConnectionNotificationId" : {
      "description" : "VPC Endpoint Connection ID generated by service",
      "type" : "string"
    },
    "ConnectionEvents" : {
      "description" : "The endpoint events for which to receive notifications.",
      "type" : "array",
      "uniqueItems" : false,
      "insertionOrder" : false,
      "items" : {
        "type" : "string"
      }
    },
    "ConnectionNotificationArn" : {
      "description" : "The ARN of the SNS topic for the notifications.",
      "type" : "string"
    },
    "ServiceId" : {
      "description" : "The ID of the endpoint service.",
      "type" : "string"
    },
    "VPCEndpointId" : {
      "description" : "The ID of the endpoint.",
      "type" : "string"
    }
  },
  "required" : [ "ConnectionEvents", "ConnectionNotificationArn" ],
  "createOnlyProperties" : [ "/properties/ServiceId", "/properties/VPCEndpointId" ],
  "tagging" : {
    "taggable" : false,
    "tagOnCreate" : false,
    "tagUpdatable" : false,
    "cloudFormationSystemTags" : false
  },
  "readOnlyProperties" : [ "/properties/VPCEndpointConnectionNotificationId" ],
  "primaryIdentifier" : [ "/properties/VPCEndpointConnectionNotificationId" ],
  "handlers" : {
    "create" : {
      "permissions" : [ "ec2:CreateVpcEndpointConnectionNotification" ]
    },
    "read" : {
      "permissions" : [ "ec2:DescribeVpcEndpointConnectionNotifications" ]
    },
    "update" : {
      "permissions" : [ "ec2:ModifyVpcEndpointConnectionNotification", "ec2:DescribeVpcEndpointConnectionNotifications" ]
    },
    "delete" : {
      "permissions" : [ "ec2:DeleteVpcEndpointConnectionNotifications" ]
    },
    "list" : {
      "permissions" : [ "ec2:DescribeVpcEndpointConnectionNotifications" ]
    }
  }
}