{
  "typeName" : "AWS::Pinpoint::GCMChannel",
  "description" : "Resource Type definition for AWS::Pinpoint::GCMChannel",
  "additionalProperties" : false,
  "properties" : {
    "Id" : {
      "type" : "string"
    },
    "ApiKey" : {
      "type" : "string"
    },
    "Enabled" : {
      "type" : "boolean"
    },
    "ApplicationId" : {
      "type" : "string"
    }
  },
  "required" : [ "ApplicationId", "ApiKey" ],
  "createOnlyProperties" : [ "/properties/ApplicationId" ],
  "primaryIdentifier" : [ "/properties/Id" ],
  "readOnlyProperties" : [ "/properties/Id" ]
}