{
  "typeName" : "AWS::EC2::EIPAssociation",
  "description" : "Resource schema for EC2 EIP association.",
  "sourceUrl" : "https://github.com/aws-cloudformation/aws-cloudformation-resource-providers-ec2/tree/master/aws-ec2-eipassociation",
  "properties" : {
    "Id" : {
      "description" : "Composite ID of non-empty properties, to determine the identification.",
      "type" : "string"
    },
    "AllocationId" : {
      "description" : "The allocation ID. This is required for EC2-VPC.",
      "type" : "string"
    },
    "NetworkInterfaceId" : {
      "description" : "The ID of the network interface.",
      "type" : "string"
    },
    "InstanceId" : {
      "description" : "The ID of the instance.",
      "type" : "string"
    },
    "PrivateIpAddress" : {
      "description" : "The primary or secondary private IP address to associate with the Elastic IP address.",
      "type" : "string"
    },
    "EIP" : {
      "description" : "The Elastic IP address to associate with the instance.",
      "type" : "string"
    }
  },
  "additionalProperties" : false,
  "tagging" : {
    "taggable" : false
  },
  "readOnlyProperties" : [ "/properties/Id" ],
  "createOnlyProperties" : [ "/properties/AllocationId", "/properties/NetworkInterfaceId", "/properties/InstanceId", "/properties/PrivateIpAddress", "/properties/EIP" ],
  "replacementStrategy" : "delete_then_create",
  "primaryIdentifier" : [ "/properties/Id" ],
  "deprecatedProperties" : [ "/properties/EIP" ],
  "handlers" : {
    "create" : {
      "permissions" : [ "ec2:DescribeAddresses", "ec2:AssociateAddress" ]
    },
    "read" : {
      "permissions" : [ "ec2:DescribeAddresses" ]
    },
    "delete" : {
      "permissions" : [ "ec2:DisassociateAddress", "ec2:DescribeAddresses" ]
    },
    "list" : {
      "permissions" : [ "ec2:DescribeAddresses" ]
    }
  }
}