{
  "typeName" : "AWS::CleanRooms::AnalysisTemplate",
  "description" : "Represents a stored analysis within a collaboration",
  "definitions" : {
    "AnalysisParameter" : {
      "type" : "object",
      "additionalProperties" : false,
      "properties" : {
        "DefaultValue" : {
          "type" : "string",
          "minLength" : 0,
          "maxLength" : 250
        },
        "Name" : {
          "type" : "string",
          "minLength" : 1,
          "maxLength" : 100,
          "pattern" : "[0-9a-zA-Z_]+"
        },
        "Type" : {
          "type" : "string",
          "enum" : [ "SMALLINT", "INTEGER", "BIGINT", "DECIMAL", "REAL", "DOUBLE_PRECISION", "BOOLEAN", "CHAR", "VARCHAR", "DATE", "TIMESTAMP", "TIMESTAMPTZ", "TIME", "TIMETZ", "VARBYTE" ]
        }
      },
      "required" : [ "Name", "Type" ]
    },
    "TableName" : {
      "type" : "string",
      "maxLength" : 128,
      "pattern" : "^[a-zA-Z0-9_](([a-zA-Z0-9_ ]+-)*([a-zA-Z0-9_ ]+))?$"
    },
    "ReferencedTables" : {
      "type" : "array",
      "insertionOrder" : false,
      "items" : {
        "$ref" : "#/definitions/TableName"
      },
      "minItems" : 0
    },
    "AnalysisSchema" : {
      "type" : "object",
      "additionalProperties" : false,
      "properties" : {
        "ReferencedTables" : {
          "$ref" : "#/definitions/ReferencedTables"
        }
      },
      "required" : [ "ReferencedTables" ]
    },
    "AnalysisSource" : {
      "type" : "object",
      "additionalProperties" : false,
      "properties" : {
        "Text" : {
          "type" : "string",
          "minLength" : 0,
          "maxLength" : 15000
        }
      },
      "required" : [ "Text" ]
    },
    "Tag" : {
      "type" : "object",
      "additionalProperties" : false,
      "properties" : {
        "Key" : {
          "type" : "string",
          "minLength" : 1,
          "maxLength" : 128
        },
        "Value" : {
          "type" : "string",
          "minLength" : 1,
          "maxLength" : 256
        }
      },
      "required" : [ "Value", "Key" ]
    }
  },
  "properties" : {
    "Arn" : {
      "type" : "string",
      "maxLength" : 200
    },
    "CollaborationArn" : {
      "type" : "string",
      "maxLength" : 100
    },
    "CollaborationIdentifier" : {
      "type" : "string",
      "maxLength" : 36,
      "minLength" : 36,
      "pattern" : "[0-9a-f]{8}-[0-9a-f]{4}-[0-9a-f]{4}-[0-9a-f]{4}-[0-9a-f]{12}"
    },
    "Tags" : {
      "description" : "An arbitrary set of tags (key-value pairs) for this cleanrooms analysis template.",
      "insertionOrder" : false,
      "items" : {
        "$ref" : "#/definitions/Tag"
      },
      "type" : "array"
    },
    "AnalysisParameters" : {
      "description" : "The member who can query can provide this placeholder for a literal data value in an analysis template",
      "insertionOrder" : false,
      "items" : {
        "$ref" : "#/definitions/AnalysisParameter"
      },
      "type" : "array",
      "minItems" : 0,
      "maxItems" : 10
    },
    "AnalysisTemplateIdentifier" : {
      "type" : "string",
      "maxLength" : 36,
      "minLength" : 36,
      "pattern" : "[0-9a-f]{8}-[0-9a-f]{4}-[0-9a-f]{4}-[0-9a-f]{4}-[0-9a-f]{12}"
    },
    "Description" : {
      "type" : "string",
      "maxLength" : 255,
      "pattern" : "^[\\u0020-\\uD7FF\\uE000-\\uFFFD\\uD800\\uDBFF-\\uDC00\\uDFFF\\t\\r\\n]*$"
    },
    "MembershipArn" : {
      "type" : "string",
      "maxLength" : 100
    },
    "MembershipIdentifier" : {
      "type" : "string",
      "maxLength" : 36,
      "minLength" : 36,
      "pattern" : "[0-9a-f]{8}-[0-9a-f]{4}-[0-9a-f]{4}-[0-9a-f]{4}-[0-9a-f]{12}"
    },
    "Name" : {
      "type" : "string",
      "maxLength" : 128,
      "pattern" : "^[a-zA-Z0-9_](([a-zA-Z0-9_ ]+-)*([a-zA-Z0-9_ ]+))?$"
    },
    "Schema" : {
      "$ref" : "#/definitions/AnalysisSchema"
    },
    "Source" : {
      "$ref" : "#/definitions/AnalysisSource"
    },
    "Format" : {
      "type" : "string",
      "enum" : [ "SQL" ]
    }
  },
  "required" : [ "Source", "Format", "Name", "MembershipIdentifier" ],
  "readOnlyProperties" : [ "/properties/CollaborationArn", "/properties/CollaborationIdentifier", "/properties/AnalysisTemplateIdentifier", "/properties/Schema", "/properties/Arn", "/properties/MembershipArn" ],
  "createOnlyProperties" : [ "/properties/Name", "/properties/MembershipIdentifier", "/properties/Source", "/properties/Source/Text", "/properties/Format", "/properties/AnalysisParameters", "/properties/AnalysisParameters/Name", "/properties/AnalysisParameters/Type", "/properties/AnalysisParameters/DefaultValue" ],
  "primaryIdentifier" : [ "/properties/AnalysisTemplateIdentifier", "/properties/MembershipIdentifier" ],
  "replacementStrategy" : "delete_then_create",
  "tagging" : {
    "taggable" : true,
    "tagOnCreate" : true,
    "tagUpdatable" : true,
    "cloudFormationSystemTags" : true,
    "tagProperty" : "/properties/Tags"
  },
  "sourceUrl" : "https://github.com/aws-cloudformation/aws-cloudformation-resource-providers-cleanrooms",
  "handlers" : {
    "create" : {
      "permissions" : [ "cleanrooms:CreateAnalysisTemplate", "cleanrooms:ListTagsForResource", "cleanrooms:TagResource", "cleanrooms:GetAnalysisTemplate", "cleanrooms:ListAnalysisTemplates" ]
    },
    "read" : {
      "permissions" : [ "cleanrooms:GetAnalysisTemplate", "cleanrooms:ListTagsForResource" ]
    },
    "update" : {
      "permissions" : [ "cleanrooms:UpdateAnalysisTemplate", "cleanrooms:GetAnalysisTemplate", "cleanrooms:ListTagsForResource", "cleanrooms:TagResource", "cleanrooms:UntagResource" ]
    },
    "delete" : {
      "permissions" : [ "cleanrooms:DeleteAnalysisTemplate", "cleanrooms:GetAnalysisTemplate", "cleanrooms:ListAnalysisTemplates", "cleanrooms:ListTagsForResource", "cleanrooms:UntagResource" ]
    },
    "list" : {
      "permissions" : [ "cleanrooms:ListAnalysisTemplates" ],
      "handlerSchema" : {
        "properties" : {
          "MembershipIdentifier" : {
            "$ref" : "resource-schema.json#/properties/MembershipIdentifier"
          }
        },
        "required" : [ "MembershipIdentifier" ]
      }
    }
  },
  "additionalProperties" : false
}