{
  "typeName" : "AWS::Cognito::LogDeliveryConfiguration",
  "description" : "Resource Type definition for AWS::Cognito::LogDeliveryConfiguration",
  "sourceUrl" : "https://github.com/aws-cloudformation/aws-cloudformation-rpdk.git",
  "definitions" : {
    "CloudWatchLogsConfiguration" : {
      "type" : "object",
      "properties" : {
        "LogGroupArn" : {
          "type" : "string"
        }
      },
      "additionalProperties" : false
    },
    "LogConfiguration" : {
      "type" : "object",
      "properties" : {
        "LogLevel" : {
          "type" : "string"
        },
        "EventSource" : {
          "type" : "string"
        },
        "CloudWatchLogsConfiguration" : {
          "$ref" : "#/definitions/CloudWatchLogsConfiguration"
        }
      },
      "additionalProperties" : false
    },
    "LogConfigurations" : {
      "type" : "array",
      "items" : {
        "$ref" : "#/definitions/LogConfiguration"
      }
    }
  },
  "properties" : {
    "Id" : {
      "type" : "string"
    },
    "UserPoolId" : {
      "type" : "string"
    },
    "LogConfigurations" : {
      "$ref" : "#/definitions/LogConfigurations"
    }
  },
  "additionalProperties" : false,
  "required" : [ "UserPoolId" ],
  "primaryIdentifier" : [ "/properties/Id" ],
  "readOnlyProperties" : [ "/properties/Id" ],
  "createOnlyProperties" : [ "/properties/UserPoolId" ],
  "tagging" : {
    "taggable" : false,
    "tagOnCreate" : false,
    "tagUpdatable" : false,
    "cloudFormationSystemTags" : false
  },
  "handlers" : {
    "create" : {
      "permissions" : [ "cognito-idp:GetLogDeliveryConfiguration", "cognito-idp:SetLogDeliveryConfiguration", "logs:CreateLogDelivery", "logs:GetLogDelivery", "logs:UpdateLogDelivery", "logs:DeleteLogDelivery", "logs:ListLogDeliveries", "logs:PutResourcePolicy", "logs:DescribeResourcePolicies", "logs:DescribeLogGroups" ],
      "timeoutInMinutes" : 2
    },
    "read" : {
      "permissions" : [ "cognito-idp:GetLogDeliveryConfiguration" ]
    },
    "update" : {
      "permissions" : [ "cognito-idp:GetLogDeliveryConfiguration", "cognito-idp:SetLogDeliveryConfiguration", "logs:CreateLogDelivery", "logs:GetLogDelivery", "logs:UpdateLogDelivery", "logs:DeleteLogDelivery", "logs:ListLogDeliveries", "logs:PutResourcePolicy", "logs:DescribeResourcePolicies", "logs:DescribeLogGroups" ],
      "timeoutInMinutes" : 2
    },
    "delete" : {
      "permissions" : [ "cognito-idp:GetLogDeliveryConfiguration", "cognito-idp:SetLogDeliveryConfiguration", "logs:CreateLogDelivery", "logs:GetLogDelivery", "logs:UpdateLogDelivery", "logs:DeleteLogDelivery", "logs:ListLogDeliveries", "logs:PutResourcePolicy", "logs:DescribeResourcePolicies", "logs:DescribeLogGroups" ],
      "timeoutInMinutes" : 2
    }
  }
}