{
  "typeName" : "AWS::Cognito::UserPoolIdentityProvider",
  "description" : "Resource Type definition for AWS::Cognito::UserPoolIdentityProvider",
  "additionalProperties" : false,
  "properties" : {
    "ProviderName" : {
      "type" : "string"
    },
    "UserPoolId" : {
      "type" : "string"
    },
    "AttributeMapping" : {
      "type" : "object"
    },
    "ProviderDetails" : {
      "type" : "object"
    },
    "ProviderType" : {
      "type" : "string"
    },
    "Id" : {
      "type" : "string"
    },
    "IdpIdentifiers" : {
      "type" : "array",
      "uniqueItems" : false,
      "items" : {
        "type" : "string"
      }
    }
  },
  "required" : [ "ProviderName", "UserPoolId", "ProviderType" ],
  "createOnlyProperties" : [ "/properties/UserPoolId", "/properties/ProviderName", "/properties/ProviderType" ],
  "primaryIdentifier" : [ "/properties/Id" ],
  "readOnlyProperties" : [ "/properties/Id" ]
}