{
  "typeName" : "AWS::EC2::VPNGatewayRoutePropagation",
  "description" : "Resource Type definition for AWS::EC2::VPNGatewayRoutePropagation",
  "additionalProperties" : false,
  "properties" : {
    "Id" : {
      "type" : "string"
    },
    "RouteTableIds" : {
      "type" : "array",
      "uniqueItems" : false,
      "items" : {
        "type" : "string"
      }
    },
    "VpnGatewayId" : {
      "type" : "string"
    }
  },
  "required" : [ "RouteTableIds", "VpnGatewayId" ],
  "readOnlyProperties" : [ "/properties/Id" ],
  "primaryIdentifier" : [ "/properties/Id" ]
}