{
  "typeName" : "AWS::WAFRegional::IPSet",
  "description" : "Resource Type definition for AWS::WAFRegional::IPSet",
  "additionalProperties" : false,
  "properties" : {
    "Id" : {
      "type" : "string"
    },
    "IPSetDescriptors" : {
      "type" : "array",
      "uniqueItems" : false,
      "items" : {
        "$ref" : "#/definitions/IPSetDescriptor"
      }
    },
    "Name" : {
      "type" : "string"
    }
  },
  "definitions" : {
    "IPSetDescriptor" : {
      "type" : "object",
      "additionalProperties" : false,
      "properties" : {
        "Type" : {
          "type" : "string"
        },
        "Value" : {
          "type" : "string"
        }
      },
      "required" : [ "Value", "Type" ]
    }
  },
  "required" : [ "Name" ],
  "createOnlyProperties" : [ "/properties/Name" ],
  "primaryIdentifier" : [ "/properties/Id" ],
  "readOnlyProperties" : [ "/properties/Id" ]
}