{
  "typeName" : "AWS::ApiGateway::UsagePlan",
  "description" : "The ``AWS::ApiGateway::UsagePlan`` resource creates a usage plan for deployed APIs. A usage plan sets a target for the throttling and quota limits on individual client API keys. For more information, see [Creating and Using API Usage Plans in Amazon API Gateway](https://docs.aws.amazon.com/apigateway/latest/developerguide/api-gateway-api-usage-plans.html) in the *API Gateway Developer Guide*.\n In some cases clients can exceed the targets that you set. Don’t rely on usage plans to control costs. Consider using [](https://docs.aws.amazon.com/cost-management/latest/userguide/budgets-managing-costs.html) to monitor costs and [](https://docs.aws.amazon.com/waf/latest/developerguide/waf-chapter.html) to manage API requests.",
  "sourceUrl" : "https://github.com/aws-cloudformation/aws-cloudformation-resource-providers-apigateway.git",
  "additionalProperties" : false,
  "properties" : {
    "Id" : {
      "type" : "string",
      "description" : ""
    },
    "ApiStages" : {
      "type" : "array",
      "description" : "The associated API stages of a usage plan.",
      "uniqueItems" : true,
      "items" : {
        "$ref" : "#/definitions/ApiStage"
      }
    },
    "Description" : {
      "type" : "string",
      "description" : "The description of a usage plan."
    },
    "Quota" : {
      "$ref" : "#/definitions/QuotaSettings",
      "description" : "The target maximum number of permitted requests per a given unit time interval."
    },
    "Tags" : {
      "type" : "array",
      "description" : "The collection of tags. Each tag element is associated with a given resource.",
      "insertionOrder" : false,
      "uniqueItems" : false,
      "items" : {
        "$ref" : "#/definitions/Tag"
      }
    },
    "Throttle" : {
      "$ref" : "#/definitions/ThrottleSettings",
      "description" : "A map containing method level throttling information for API stage in a usage plan."
    },
    "UsagePlanName" : {
      "type" : "string",
      "description" : "The name of a usage plan."
    }
  },
  "definitions" : {
    "ApiStage" : {
      "type" : "object",
      "additionalProperties" : false,
      "properties" : {
        "ApiId" : {
          "type" : "string",
          "description" : "API Id of the associated API stage in a usage plan."
        },
        "Stage" : {
          "type" : "string",
          "description" : "API stage name of the associated API stage in a usage plan."
        },
        "Throttle" : {
          "type" : "object",
          "description" : "Map containing method level throttling information for API stage in a usage plan.",
          "additionalProperties" : false,
          "patternProperties" : {
            ".*" : {
              "$ref" : "#/definitions/ThrottleSettings"
            }
          }
        }
      },
      "description" : "API stage name of the associated API stage in a usage plan."
    },
    "ThrottleSettings" : {
      "type" : "object",
      "additionalProperties" : false,
      "properties" : {
        "BurstLimit" : {
          "type" : "integer",
          "minimum" : 0,
          "description" : "The API target request burst rate limit. This allows more requests through for a period of time than the target rate limit."
        },
        "RateLimit" : {
          "type" : "number",
          "minimum" : 0,
          "description" : "The API target request rate limit."
        }
      },
      "description" : "``ThrottleSettings`` is a property of the [AWS::ApiGateway::UsagePlan](https://docs.aws.amazon.com/AWSCloudFormation/latest/UserGuide/aws-resource-apigateway-usageplan.html) resource that specifies the overall request rate (average requests per second) and burst capacity when users call your REST APIs."
    },
    "Tag" : {
      "type" : "object",
      "additionalProperties" : false,
      "properties" : {
        "Key" : {
          "type" : "string",
          "minLength" : 1,
          "maxLength" : 128,
          "description" : "The key name of the tag. You can specify a value that is 1 to 128 Unicode characters in length and cannot be prefixed with aws:. You can use any of the following characters: the set of Unicode letters, digits, whitespace, _, ., /, =, +, and -."
        },
        "Value" : {
          "type" : "string",
          "minLength" : 0,
          "maxLength" : 256,
          "description" : "The value for the tag. You can specify a value that is 0 to 256 Unicode characters in length and cannot be prefixed with aws:. You can use any of the following characters: the set of Unicode letters, digits, whitespace, _, ., /, =, +, and -."
        }
      },
      "required" : [ "Value", "Key" ],
      "description" : ""
    },
    "QuotaSettings" : {
      "type" : "object",
      "additionalProperties" : false,
      "properties" : {
        "Limit" : {
          "type" : "integer",
          "minimum" : 0,
          "description" : "The target maximum number of requests that can be made in a given time period."
        },
        "Offset" : {
          "type" : "integer",
          "minimum" : 0,
          "description" : "The number of requests subtracted from the given limit in the initial time period."
        },
        "Period" : {
          "type" : "string",
          "description" : "The time period in which the limit applies. Valid values are \"DAY\", \"WEEK\" or \"MONTH\"."
        }
      },
      "description" : "``QuotaSettings`` is a property of the [AWS::ApiGateway::UsagePlan](https://docs.aws.amazon.com/AWSCloudFormation/latest/UserGuide/aws-resource-apigateway-usageplan.html) resource that specifies a target for the maximum number of requests users can make to your REST APIs.\n In some cases clients can exceed the targets that you set. Don’t rely on usage plans to control costs. Consider using [](https://docs.aws.amazon.com/cost-management/latest/userguide/budgets-managing-costs.html) to monitor costs and [](https://docs.aws.amazon.com/waf/latest/developerguide/waf-chapter.html) to manage API requests."
    }
  },
  "tagging" : {
    "taggable" : true,
    "tagOnCreate" : true,
    "tagUpdatable" : true,
    "cloudFormationSystemTags" : true,
    "tagProperty" : "/properties/Tags"
  },
  "primaryIdentifier" : [ "/properties/Id" ],
  "readOnlyProperties" : [ "/properties/Id" ],
  "handlers" : {
    "create" : {
      "permissions" : [ "apigateway:POST", "apigateway:GET", "apigateway:PUT" ]
    },
    "read" : {
      "permissions" : [ "apigateway:GET" ]
    },
    "update" : {
      "permissions" : [ "apigateway:GET", "apigateway:DELETE", "apigateway:PATCH", "apigateway:PUT" ]
    },
    "delete" : {
      "permissions" : [ "apigateway:DELETE", "apigateway:GET", "apigateway:PATCH" ]
    },
    "list" : {
      "permissions" : [ "apigateway:GET" ]
    }
  }
}