{
  "typeName" : "AWS::EFS::FileSystem",
  "description" : "Resource Type definition for AWS::EFS::FileSystem",
  "sourceUrl" : "https://github.com/aws-cloudformation/aws-cloudformation-rpdk.git",
  "definitions" : {
    "Arn" : {
      "type" : "string"
    },
    "ElasticFileSystemTag" : {
      "type" : "object",
      "additionalProperties" : false,
      "properties" : {
        "Key" : {
          "type" : "string"
        },
        "Value" : {
          "type" : "string"
        }
      },
      "required" : [ "Value", "Key" ]
    },
    "LifecyclePolicy" : {
      "type" : "object",
      "additionalProperties" : false,
      "properties" : {
        "TransitionToIA" : {
          "type" : "string"
        },
        "TransitionToPrimaryStorageClass" : {
          "type" : "string"
        },
        "TransitionToArchive" : {
          "type" : "string"
        }
      }
    },
    "BackupPolicy" : {
      "type" : "object",
      "additionalProperties" : false,
      "properties" : {
        "Status" : {
          "type" : "string"
        }
      },
      "required" : [ "Status" ]
    },
    "FileSystemProtection" : {
      "type" : "object",
      "additionalProperties" : false,
      "properties" : {
        "ReplicationOverwriteProtection" : {
          "type" : "string",
          "enum" : [ "DISABLED", "ENABLED" ]
        }
      }
    },
    "ReplicationDestination" : {
      "type" : "object",
      "additionalProperties" : false,
      "properties" : {
        "FileSystemId" : {
          "type" : "string"
        },
        "Region" : {
          "type" : "string"
        },
        "AvailabilityZoneName" : {
          "type" : "string"
        },
        "KmsKeyId" : {
          "type" : "string"
        }
      }
    },
    "ReplicationConfiguration" : {
      "type" : "object",
      "additionalProperties" : false,
      "properties" : {
        "Destinations" : {
          "type" : "array",
          "uniqueItems" : true,
          "minItems" : 1,
          "maxItems" : 1,
          "items" : {
            "$ref" : "#/definitions/ReplicationDestination"
          }
        }
      }
    }
  },
  "properties" : {
    "FileSystemId" : {
      "type" : "string"
    },
    "Arn" : {
      "$ref" : "#/definitions/Arn"
    },
    "Encrypted" : {
      "type" : "boolean"
    },
    "FileSystemTags" : {
      "type" : "array",
      "uniqueItems" : true,
      "items" : {
        "$ref" : "#/definitions/ElasticFileSystemTag"
      }
    },
    "KmsKeyId" : {
      "type" : "string"
    },
    "LifecyclePolicies" : {
      "type" : "array",
      "uniqueItems" : true,
      "items" : {
        "$ref" : "#/definitions/LifecyclePolicy"
      }
    },
    "FileSystemProtection" : {
      "$ref" : "#/definitions/FileSystemProtection"
    },
    "PerformanceMode" : {
      "type" : "string"
    },
    "ProvisionedThroughputInMibps" : {
      "type" : "number"
    },
    "ThroughputMode" : {
      "type" : "string"
    },
    "FileSystemPolicy" : {
      "type" : "object"
    },
    "BypassPolicyLockoutSafetyCheck" : {
      "description" : "Whether to bypass the FileSystemPolicy lockout safety check. The policy lockout safety check determines whether the policy in the request will prevent the principal making the request to be locked out from making future PutFileSystemPolicy requests on the file system. Set BypassPolicyLockoutSafetyCheck to True only when you intend to prevent the principal that is making the request from making a subsequent PutFileSystemPolicy request on the file system. Defaults to false",
      "type" : "boolean"
    },
    "BackupPolicy" : {
      "$ref" : "#/definitions/BackupPolicy"
    },
    "AvailabilityZoneName" : {
      "type" : "string"
    },
    "ReplicationConfiguration" : {
      "$ref" : "#/definitions/ReplicationConfiguration"
    }
  },
  "additionalProperties" : false,
  "readOnlyProperties" : [ "/properties/Arn", "/properties/FileSystemId" ],
  "primaryIdentifier" : [ "/properties/FileSystemId" ],
  "writeOnlyProperties" : [ "/properties/BypassPolicyLockoutSafetyCheck", "/properties/ReplicationConfiguration/Destinations/0/AvailabilityZoneName", "/properties/ReplicationConfiguration/Destinations/0/KmsKeyId" ],
  "createOnlyProperties" : [ "/properties/AvailabilityZoneName", "/properties/Encrypted", "/properties/KmsKeyId", "/properties/PerformanceMode" ],
  "propertyTransform" : {
    "/properties/KmsKeyId" : "\"arn:aws[-a-z]*:kms:[a-z0-9-]+:[0-9]{12}:key/[a-zA-Z0-9-]+\"",
    "/properties/FileSystemProtection/ReplicationOverwriteProtection" : "$uppercase(FileSystemProtection.ReplicationOverwriteProtection)='DISABLED' ? 'REPLICATING' : $uppercase(FileSystemProtection.ReplicationOverwriteProtection)"
  },
  "tagging" : {
    "taggable" : true,
    "tagOnCreate" : true,
    "tagUpdatable" : true,
    "cloudFormationSystemTags" : false,
    "tagProperty" : "/properties/FileSystemTags"
  },
  "handlers" : {
    "create" : {
      "permissions" : [ "elasticfilesystem:CreateFileSystem", "elasticfilesystem:DescribeReplicationConfigurations", "elasticfilesystem:TagResource", "elasticfilesystem:CreateReplicationConfiguration", "elasticfilesystem:DescribeFileSystems", "elasticfilesystem:PutBackupPolicy", "elasticfilesystem:PutFileSystemPolicy", "elasticfilesystem:PutLifecycleConfiguration", "elasticfilesystem:UpdateFileSystemProtection", "kms:DescribeKey", "kms:GenerateDataKeyWithoutPlaintext", "kms:CreateGrant" ]
    },
    "read" : {
      "permissions" : [ "elasticfilesystem:DescribeBackupPolicy", "elasticfilesystem:DescribeFileSystemPolicy", "elasticfilesystem:DescribeFileSystems", "elasticfilesystem:DescribeLifecycleConfiguration", "elasticfilesystem:DescribeReplicationConfigurations" ]
    },
    "update" : {
      "permissions" : [ "elasticfilesystem:CreateReplicationConfiguration", "elasticfilesystem:DeleteFileSystemPolicy", "elasticfilesystem:DescribeBackupPolicy", "elasticfilesystem:DescribeFileSystemPolicy", "elasticfilesystem:DescribeFileSystems", "elasticfilesystem:DescribeLifecycleConfiguration", "elasticfilesystem:DescribeReplicationConfigurations", "elasticfilesystem:DeleteTags", "elasticfilesystem:DeleteReplicationConfiguration", "elasticfilesystem:ListTagsForResource", "elasticfilesystem:PutBackupPolicy", "elasticfilesystem:PutFileSystemPolicy", "elasticfilesystem:PutLifecycleConfiguration", "elasticfilesystem:TagResource", "elasticfilesystem:UntagResource", "elasticfilesystem:UpdateFileSystem", "elasticfilesystem:UpdateFileSystemProtection", "kms:DescribeKey", "kms:GenerateDataKeyWithoutPlaintext", "kms:CreateGrant" ]
    },
    "delete" : {
      "permissions" : [ "elasticfilesystem:DescribeFileSystems", "elasticfilesystem:DeleteFileSystem", "elasticfilesystem:DeleteReplicationConfiguration", "elasticfilesystem:DescribeReplicationConfigurations" ]
    },
    "list" : {
      "permissions" : [ "elasticfilesystem:DescribeBackupPolicy", "elasticfilesystem:DescribeFileSystemPolicy", "elasticfilesystem:DescribeFileSystems", "elasticfilesystem:DescribeLifecycleConfiguration", "elasticfilesystem:DescribeReplicationConfigurations" ]
    }
  }
}