{
  "typeName" : "AWS::PCAConnectorAD::Connector",
  "description" : "Definition of AWS::PCAConnectorAD::Connector Resource Type",
  "definitions" : {
    "Tags" : {
      "type" : "object",
      "patternProperties" : {
        ".+" : {
          "type" : "string"
        }
      },
      "additionalProperties" : false
    },
    "VpcInformation" : {
      "type" : "object",
      "properties" : {
        "SecurityGroupIds" : {
          "type" : "array",
          "items" : {
            "type" : "string",
            "maxLength" : 20,
            "minLength" : 11,
            "pattern" : "^(?:sg-[0-9a-f]{8}|sg-[0-9a-f]{17})$"
          },
          "maxItems" : 5,
          "minItems" : 1,
          "uniqueItems" : true
        }
      },
      "required" : [ "SecurityGroupIds" ],
      "additionalProperties" : false
    }
  },
  "properties" : {
    "CertificateAuthorityArn" : {
      "type" : "string",
      "maxLength" : 200,
      "minLength" : 5,
      "pattern" : "^arn:[\\w-]+:acm-pca:[\\w-]+:[0-9]+:certificate-authority(\\/[\\w-]+)$"
    },
    "ConnectorArn" : {
      "type" : "string",
      "maxLength" : 200,
      "minLength" : 5,
      "pattern" : "^arn:[\\w-]+:pca-connector-ad:[\\w-]+:[0-9]+:connector(\\/[\\w-]+)$"
    },
    "DirectoryId" : {
      "type" : "string",
      "pattern" : "^d-[0-9a-f]{10}$"
    },
    "Tags" : {
      "$ref" : "#/definitions/Tags"
    },
    "VpcInformation" : {
      "$ref" : "#/definitions/VpcInformation"
    }
  },
  "required" : [ "CertificateAuthorityArn", "DirectoryId", "VpcInformation" ],
  "tagging" : {
    "taggable" : true,
    "tagOnCreate" : true,
    "tagUpdatable" : true,
    "cloudFormationSystemTags" : true,
    "tagProperty" : "/properties/Tags"
  },
  "readOnlyProperties" : [ "/properties/ConnectorArn" ],
  "writeOnlyProperties" : [ "/properties/CertificateAuthorityArn", "/properties/DirectoryId", "/properties/Tags", "/properties/VpcInformation" ],
  "createOnlyProperties" : [ "/properties/CertificateAuthorityArn", "/properties/DirectoryId", "/properties/VpcInformation" ],
  "primaryIdentifier" : [ "/properties/ConnectorArn" ],
  "handlers" : {
    "create" : {
      "permissions" : [ "acm-pca:DescribeCertificateAuthority", "acm-pca:GetCertificateAuthorityCertificate", "acm-pca:GetCertificate", "acm-pca:IssueCertificate", "ds:DescribeDirectories", "ec2:CreateTags", "ec2:CreateVpcEndpoint", "ec2:DescribeVpcEndpoints", "pca-connector-ad:CreateConnector", "pca-connector-ad:GetConnector" ]
    },
    "read" : {
      "permissions" : [ "pca-connector-ad:ListTagsForResource", "pca-connector-ad:GetConnector" ]
    },
    "delete" : {
      "permissions" : [ "pca-connector-ad:GetConnector", "pca-connector-ad:DeleteConnector", "ec2:DeleteVpcEndpoints", "ec2:DescribeVpcEndpoints" ]
    },
    "list" : {
      "permissions" : [ "pca-connector-ad:ListConnectors" ]
    },
    "update" : {
      "permissions" : [ "pca-connector-ad:ListTagsForResource", "pca-connector-ad:TagResource", "pca-connector-ad:UntagResource" ]
    }
  },
  "additionalProperties" : false
}