{
  "typeName" : "AWS::PCAConnectorAD::DirectoryRegistration",
  "description" : "Definition of AWS::PCAConnectorAD::DirectoryRegistration Resource Type",
  "definitions" : {
    "Tags" : {
      "type" : "object",
      "patternProperties" : {
        ".+" : {
          "type" : "string"
        }
      },
      "additionalProperties" : false
    }
  },
  "properties" : {
    "DirectoryId" : {
      "type" : "string",
      "pattern" : "^d-[0-9a-f]{10}$"
    },
    "DirectoryRegistrationArn" : {
      "type" : "string",
      "maxLength" : 200,
      "minLength" : 5,
      "pattern" : "^arn:[\\w-]+:pca-connector-ad:[\\w-]+:[0-9]+:directory-registration(\\/[\\w-]+)$"
    },
    "Tags" : {
      "$ref" : "#/definitions/Tags"
    }
  },
  "required" : [ "DirectoryId" ],
  "tagging" : {
    "taggable" : true,
    "tagOnCreate" : true,
    "tagUpdatable" : true,
    "cloudFormationSystemTags" : true,
    "tagProperty" : "/properties/Tags"
  },
  "readOnlyProperties" : [ "/properties/DirectoryRegistrationArn" ],
  "writeOnlyProperties" : [ "/properties/DirectoryId", "/properties/Tags" ],
  "createOnlyProperties" : [ "/properties/DirectoryId" ],
  "primaryIdentifier" : [ "/properties/DirectoryRegistrationArn" ],
  "handlers" : {
    "create" : {
      "permissions" : [ "pca-connector-ad:GetDirectoryRegistration", "pca-connector-ad:CreateDirectoryRegistration", "ds:AuthorizeApplication", "ds:DescribeDirectories" ]
    },
    "read" : {
      "permissions" : [ "pca-connector-ad:ListTagsForResource", "pca-connector-ad:GetDirectoryRegistration" ]
    },
    "delete" : {
      "permissions" : [ "pca-connector-ad:GetDirectoryRegistration", "pca-connector-ad:DeleteDirectoryRegistration", "ds:DescribeDirectories", "ds:UnauthorizeApplication", "ds:UpdateAuthorizedApplication" ]
    },
    "list" : {
      "permissions" : [ "pca-connector-ad:ListDirectoryRegistrations" ]
    },
    "update" : {
      "permissions" : [ "pca-connector-ad:ListTagsForResource", "pca-connector-ad:TagResource", "pca-connector-ad:UntagResource" ]
    }
  },
  "additionalProperties" : false
}