{
  "typeName" : "AWS::VerifiedPermissions::PolicyTemplate",
  "description" : "Definition of AWS::VerifiedPermissions::PolicyTemplate Resource Type",
  "sourceUrl" : "https://github.com/aws-cloudformation/aws-cloudformation-resource-providers-avp",
  "properties" : {
    "Description" : {
      "type" : "string",
      "maxLength" : 150,
      "minLength" : 0
    },
    "PolicyStoreId" : {
      "type" : "string",
      "maxLength" : 200,
      "minLength" : 1,
      "pattern" : "^[a-zA-Z0-9-]*$"
    },
    "PolicyTemplateId" : {
      "type" : "string",
      "maxLength" : 200,
      "minLength" : 1,
      "pattern" : "^[a-zA-Z0-9-]*$"
    },
    "Statement" : {
      "type" : "string",
      "maxLength" : 10000,
      "minLength" : 1
    }
  },
  "required" : [ "Statement" ],
  "readOnlyProperties" : [ "/properties/PolicyTemplateId" ],
  "createOnlyProperties" : [ "/properties/PolicyStoreId" ],
  "primaryIdentifier" : [ "/properties/PolicyStoreId", "/properties/PolicyTemplateId" ],
  "tagging" : {
    "taggable" : false,
    "tagOnCreate" : false,
    "tagUpdatable" : false,
    "cloudFormationSystemTags" : false
  },
  "handlers" : {
    "create" : {
      "permissions" : [ "verifiedpermissions:CreatePolicyTemplate", "verifiedpermissions:GetPolicyTemplate", "verifiedpermissions:UpdatePolicyTemplate", "verifiedpermissions:DeletePolicyTemplate" ]
    },
    "read" : {
      "permissions" : [ "verifiedpermissions:CreatePolicyTemplate", "verifiedpermissions:GetPolicyTemplate", "verifiedpermissions:UpdatePolicyTemplate", "verifiedpermissions:DeletePolicyTemplate" ]
    },
    "update" : {
      "permissions" : [ "verifiedpermissions:CreatePolicyTemplate", "verifiedpermissions:GetPolicyTemplate", "verifiedpermissions:UpdatePolicyTemplate", "verifiedpermissions:DeletePolicyTemplate" ]
    },
    "delete" : {
      "permissions" : [ "verifiedpermissions:CreatePolicyTemplate", "verifiedpermissions:GetPolicyTemplate", "verifiedpermissions:UpdatePolicyTemplate", "verifiedpermissions:DeletePolicyTemplate" ]
    },
    "list" : {
      "handlerSchema" : {
        "properties" : {
          "PolicyStoreId" : {
            "$ref" : "resource-schema.json#/properties/PolicyStoreId"
          }
        },
        "required" : [ "PolicyStoreId" ]
      },
      "permissions" : [ "verifiedpermissions:CreatePolicyTemplate", "verifiedpermissions:GetPolicyTemplate", "verifiedpermissions:UpdatePolicyTemplate", "verifiedpermissions:DeletePolicyTemplate", "verifiedpermissions:ListPolicyTemplates" ]
    }
  },
  "additionalProperties" : false
}