{
  "typeName" : "AWS::ECR::PullThroughCacheRule",
  "description" : "The AWS::ECR::PullThroughCacheRule resource configures the upstream registry configuration details for an Amazon Elastic Container Registry (Amazon Private ECR) pull-through cache.",
  "sourceUrl" : "https://github.com/aws-cloudformation/aws-cloudformation-resource-providers-ecr.git",
  "definitions" : {
    "PullThroughCacheRule" : {
      "minItems" : 0,
      "maxItems" : 50,
      "type" : "object",
      "properties" : {
        "RegistryId" : {
          "$ref" : "#/definitions/RegistryId"
        },
        "EcrRepositoryPrefix" : {
          "$ref" : "#/definitions/EcrRepositoryPrefix"
        },
        "UpstreamRegistryUrl" : {
          "$ref" : "#/definitions/UpstreamRegistryUrl"
        },
        "CredentialArn" : {
          "$ref" : "#/definitions/CredentialArn"
        },
        "UpstreamRegistry" : {
          "$ref" : "#/definitions/UpstreamRegistry"
        }
      },
      "required" : [ "EcrRepositoryPrefix", "UpstreamRegistryUrl" ],
      "additionalProperties" : false
    },
    "RegistryId" : {
      "type" : "string",
      "description" : "The account ID of the registry pull-through cache repository will be created in.",
      "pattern" : "^[0-9]{12}$"
    },
    "EcrRepositoryPrefix" : {
      "type" : "string",
      "description" : "The ECRRepositoryPrefix is a custom alias for upstream registry url.",
      "minLength" : 2,
      "maxLength" : 30,
      "pattern" : "(?:[a-z0-9]+(?:[._-][a-z0-9]+)*/)*[a-z0-9]+(?:[._-][a-z0-9]+)*"
    },
    "UpstreamRegistryUrl" : {
      "type" : "string",
      "description" : "The upstreamRegistryUrl is the endpoint of upstream registry url of the public repository to be cached"
    },
    "CredentialArn" : {
      "type" : "string",
      "description" : "The Amazon Resource Name (ARN) of the AWS Secrets Manager secret that identifies the credentials to authenticate to the upstream registry.",
      "minLength" : 50,
      "maxLength" : 612,
      "pattern" : "^arn:aws:secretsmanager:[a-zA-Z0-9-:]+:secret:ecr\\-pullthroughcache\\/[a-zA-Z0-9\\/_+=.@-]+$"
    },
    "UpstreamRegistry" : {
      "type" : "string",
      "description" : "The name of the upstream registry."
    }
  },
  "properties" : {
    "EcrRepositoryPrefix" : {
      "type" : "string",
      "description" : "The ECRRepositoryPrefix is a custom alias for upstream registry url.",
      "minLength" : 2,
      "maxLength" : 30,
      "pattern" : "(?:[a-z0-9]+(?:[._-][a-z0-9]+)*/)*[a-z0-9]+(?:[._-][a-z0-9]+)*"
    },
    "UpstreamRegistryUrl" : {
      "type" : "string",
      "description" : "The upstreamRegistryUrl is the endpoint of upstream registry url of the public repository to be cached"
    },
    "CredentialArn" : {
      "type" : "string",
      "description" : "The Amazon Resource Name (ARN) of the AWS Secrets Manager secret that identifies the credentials to authenticate to the upstream registry.",
      "minLength" : 50,
      "maxLength" : 612,
      "pattern" : "^arn:aws:secretsmanager:[a-zA-Z0-9-:]+:secret:ecr\\-pullthroughcache\\/[a-zA-Z0-9\\/_+=.@-]+$"
    },
    "UpstreamRegistry" : {
      "type" : "string",
      "description" : "The name of the upstream registry."
    }
  },
  "taggable" : false,
  "primaryIdentifier" : [ "/properties/EcrRepositoryPrefix" ],
  "createOnlyProperties" : [ "/properties/EcrRepositoryPrefix", "/properties/UpstreamRegistryUrl", "/properties/CredentialArn", "/properties/UpstreamRegistry" ],
  "writeOnlyProperties" : [ "/properties/CredentialArn", "/properties/UpstreamRegistry" ],
  "handlers" : {
    "create" : {
      "permissions" : [ "ecr:DescribePullThroughCacheRules", "ecr:CreatePullThroughCacheRule", "ecr:DeletePullThroughCacheRule", "iam:CreateServiceLinkedRole", "secretsmanager:GetSecretValue" ]
    },
    "read" : {
      "permissions" : [ "ecr:DescribePullThroughCacheRules" ]
    },
    "update" : {
      "permissions" : [ "ecr:DescribePullThroughCacheRules", "ecr:CreatePullThroughCacheRule", "ecr:DeletePullThroughCacheRule", "iam:CreateServiceLinkedRole", "secretsmanager:GetSecretValue" ]
    },
    "delete" : {
      "permissions" : [ "ecr:DescribePullThroughCacheRules", "ecr:DeletePullThroughCacheRule" ]
    },
    "list" : {
      "permissions" : [ "ecr:DescribePullThroughCacheRules" ]
    }
  },
  "additionalProperties" : false
}