{
  "$schema" : "https://schema.cloudformation.us-east-1.amazonaws.com/provider.definition.schema.v1.json",
  "deprecatedProperties" : [ "/properties/LogPaths", "/properties/ServerLaunchParameters", "/properties/ServerLaunchPath" ],
  "taggable" : true,
  "typeName" : "AWS::GameLift::Fleet",
  "readOnlyProperties" : [ "/properties/FleetId" ],
  "description" : "The AWS::GameLift::Fleet resource creates an Amazon GameLift (GameLift) fleet to host game servers. A fleet is a set of EC2 or Anywhere instances, each of which can host multiple game sessions.",
  "createOnlyProperties" : [ "/properties/BuildId", "/properties/CertificateConfiguration", "/properties/EC2InstanceType", "/properties/FleetType", "/properties/InstanceRoleARN", "/properties/InstanceRoleCredentialsProvider", "/properties/LogPaths", "/properties/PeerVpcAwsAccountId", "/properties/PeerVpcId", "/properties/ScriptId", "/properties/ServerLaunchParameters", "/properties/ServerLaunchPath", "/properties/CertificateType", "/properties/ComputeType" ],
  "primaryIdentifier" : [ "/properties/FleetId" ],
  "required" : [ "Name" ],
  "sourceUrl" : "https://github.com/aws-cloudformation/aws-cloudformation-resource-providers-gamelift.git",
  "handlers" : {
    "read" : {
      "permissions" : [ "gamelift:DescribeFleetAttributes", "gamelift:DescribeFleetLocationAttributes", "gamelift:DescribeFleetCapacity", "gamelift:DescribeFleetPortSettings", "gamelift:DescribeFleetUtilization", "gamelift:DescribeRuntimeConfiguration", "gamelift:DescribeEC2InstanceLimits", "gamelift:DescribeFleetEvents", "gamelift:DescribeScalingPolicies" ]
    },
    "create" : {
      "permissions" : [ "gamelift:CreateFleet", "gamelift:DescribeFleetAttributes", "gamelift:DescribeFleetLocationAttributes", "gamelift:UpdateFleetCapacity", "gamelift:DescribeFleetLocationCapacity", "gamelift:PutScalingPolicy", "gamelift:DescribeScalingPolicies" ]
    },
    "update" : {
      "permissions" : [ "gamelift:UpdateFleetAttributes", "gamelift:CreateFleetLocations", "gamelift:DeleteFleetLocations", "gamelift:UpdateFleetCapacity", "gamelift:UpdateFleetPortSettings", "gamelift:UpdateRuntimeConfiguration", "gamelift:DescribeFleetLocationCapacity", "gamelift:DescribeFleetPortSettings", "gamelift:DescribeFleetLocationAttributes", "gamelift:PutScalingPolicy", "gamelift:DescribeScalingPolicies", "gamelift:DeleteScalingPolicy" ]
    },
    "list" : {
      "permissions" : [ "gamelift:ListFleets" ]
    },
    "delete" : {
      "permissions" : [ "gamelift:DeleteFleet", "gamelift:DescribeFleetLocationCapacity", "gamelift:DescribeScalingPolicies", "gamelift:DeleteScalingPolicy" ]
    }
  },
  "additionalProperties" : false,
  "definitions" : {
    "ScalingPolicy" : {
      "description" : "Rule that controls how a fleet is scaled. Scaling policies are uniquely identified by the combination of name and fleet ID.",
      "additionalProperties" : false,
      "type" : "object",
      "properties" : {
        "Status" : {
          "description" : "Current status of the scaling policy. The scaling policy can be in force only when in an ACTIVE status. Scaling policies can be suspended for individual fleets. If the policy is suspended for a fleet, the policy status does not change.",
          "type" : "string",
          "enum" : [ "ACTIVE", "UPDATE_REQUESTED", "UPDATING", "DELETE_REQUESTED", "DELETING", "DELETED", "ERROR" ]
        },
        "MetricName" : {
          "description" : "Name of the Amazon GameLift-defined metric that is used to trigger a scaling adjustment.",
          "type" : "string",
          "enum" : [ "ActivatingGameSessions", "ActiveGameSessions", "ActiveInstances", "AvailableGameSessions", "AvailablePlayerSessions", "CurrentPlayerSessions", "IdleInstances", "PercentAvailableGameSessions", "PercentIdleInstances", "QueueDepth", "WaitTime", "ConcurrentActivatableGameSessions" ]
        },
        "PolicyType" : {
          "description" : "The type of scaling policy to create. For a target-based policy, set the parameter MetricName to 'PercentAvailableGameSessions' and specify a TargetConfiguration. For a rule-based policy set the following parameters: MetricName, ComparisonOperator, Threshold, EvaluationPeriods, ScalingAdjustmentType, and ScalingAdjustment.",
          "type" : "string",
          "enum" : [ "RuleBased", "TargetBased" ]
        },
        "ComparisonOperator" : {
          "description" : "Comparison operator to use when measuring a metric against the threshold value.",
          "type" : "string",
          "enum" : [ "GreaterThanOrEqualToThreshold", "GreaterThanThreshold", "LessThanThreshold", "LessThanOrEqualToThreshold" ]
        },
        "TargetConfiguration" : {
          "description" : "An object that contains settings for a target-based scaling policy.",
          "$ref" : "#/definitions/TargetConfiguration"
        },
        "UpdateStatus" : {
          "description" : "The current status of the fleet's scaling policies in a requested fleet location. The status PENDING_UPDATE indicates that an update was requested for the fleet but has not yet been completed for the location.",
          "type" : "string",
          "enum" : [ "PENDING_UPDATE" ]
        },
        "ScalingAdjustment" : {
          "description" : "Amount of adjustment to make, based on the scaling adjustment type.",
          "type" : "integer"
        },
        "EvaluationPeriods" : {
          "description" : "Length of time (in minutes) the metric must be at or beyond the threshold before a scaling event is triggered.",
          "type" : "integer",
          "minimum" : 1
        },
        "Location" : {
          "$ref" : "#/definitions/Location"
        },
        "Name" : {
          "minLength" : 1,
          "description" : "A descriptive label that is associated with a fleet's scaling policy. Policy names do not need to be unique.",
          "type" : "string",
          "maxLength" : 1024
        },
        "ScalingAdjustmentType" : {
          "description" : "The type of adjustment to make to a fleet's instance count.",
          "type" : "string",
          "enum" : [ "ChangeInCapacity", "ExactCapacity", "PercentChangeInCapacity" ]
        },
        "Threshold" : {
          "description" : "Metric value used to trigger a scaling event.",
          "type" : "number"
        }
      },
      "required" : [ "MetricName", "Name" ]
    },
    "ServerProcess" : {
      "description" : "A set of instructions for launching server processes on each instance in a fleet. Each instruction set identifies the location of the server executable, optional launch parameters, and the number of server processes with this configuration to maintain concurrently on the instance. Server process configurations make up a fleet's RuntimeConfiguration.",
      "additionalProperties" : false,
      "type" : "object",
      "properties" : {
        "ConcurrentExecutions" : {
          "description" : "The number of server processes that use this configuration to run concurrently on an instance.",
          "type" : "integer",
          "minimum" : 1
        },
        "Parameters" : {
          "minLength" : 1,
          "description" : "An optional list of parameters to pass to the server executable or Realtime script on launch.",
          "type" : "string",
          "maxLength" : 1024
        },
        "LaunchPath" : {
          "minLength" : 1,
          "pattern" : "^([Cc]:\\\\game\\S+|/local/game/\\S+)",
          "description" : "The location of the server executable in a custom game build or the name of the Realtime script file that contains the Init() function. Game builds and Realtime scripts are installed on instances at the root:\n\nWindows (for custom game builds only): C:\\game. Example: \"C:\\game\\MyGame\\server.exe\"\n\nLinux: /local/game. Examples: \"/local/game/MyGame/server.exe\" or \"/local/game/MyRealtimeScript.js\"",
          "type" : "string",
          "maxLength" : 1024
        }
      },
      "required" : [ "ConcurrentExecutions", "LaunchPath" ]
    },
    "TargetConfiguration" : {
      "description" : "Settings for a target-based scaling policy. A target-based policy tracks a particular fleet metric specifies a target value for the metric. As player usage changes, the policy triggers Amazon GameLift to adjust capacity so that the metric returns to the target value. The target configuration specifies settings as needed for the target based policy, including the target value.",
      "additionalProperties" : false,
      "type" : "object",
      "properties" : {
        "TargetValue" : {
          "description" : "Desired value to use with a target-based scaling policy. The value must be relevant for whatever metric the scaling policy is using. For example, in a policy using the metric PercentAvailableGameSessions, the target value should be the preferred size of the fleet's buffer (the percent of capacity that should be idle and ready for new game sessions).",
          "type" : "number"
        }
      },
      "required" : [ "TargetValue" ]
    },
    "AnywhereConfiguration" : {
      "description" : "Configuration for Anywhere fleet.",
      "additionalProperties" : false,
      "properties" : {
        "Cost" : {
          "minLength" : 1,
          "pattern" : "^\\d{1,5}(?:\\.\\d{1,5})?$",
          "description" : "Cost of compute can be specified on Anywhere Fleets to prioritize placement across Queue destinations based on Cost.",
          "type" : "string",
          "maxLength" : 11
        }
      },
      "required" : [ "Cost" ]
    },
    "ResourceCreationLimitPolicy" : {
      "description" : "A policy that limits the number of game sessions a player can create on the same fleet. This optional policy gives game owners control over how players can consume available game server resources. A resource creation policy makes the following statement: \"An individual player can create a maximum number of new game sessions within a specified time period\".\n\nThe policy is evaluated when a player tries to create a new game session. For example, assume you have a policy of 10 new game sessions and a time period of 60 minutes. On receiving a CreateGameSession request, Amazon GameLift checks that the player (identified by CreatorId) has created fewer than 10 game sessions in the past 60 minutes.",
      "additionalProperties" : false,
      "type" : "object",
      "properties" : {
        "PolicyPeriodInMinutes" : {
          "description" : "The time span used in evaluating the resource creation limit policy.",
          "type" : "integer",
          "minimum" : 0
        },
        "NewGameSessionsPerCreator" : {
          "description" : "The maximum number of game sessions that an individual can create during the policy period.",
          "type" : "integer",
          "minimum" : 0
        }
      }
    },
    "LocationCapacity" : {
      "description" : "Current resource capacity settings in a specified fleet or location. The location value might refer to a fleet's remote location or its home Region.",
      "additionalProperties" : false,
      "type" : "object",
      "properties" : {
        "MinSize" : {
          "description" : "The minimum value allowed for the fleet's instance count for a location. When creating a new fleet, GameLift automatically sets this value to \"0\". After the fleet is active, you can change this value.",
          "type" : "integer",
          "minimum" : 0
        },
        "DesiredEC2Instances" : {
          "description" : "The number of EC2 instances you want to maintain in the specified fleet location. This value must fall between the minimum and maximum size limits.",
          "type" : "integer",
          "minimum" : 0
        },
        "MaxSize" : {
          "description" : "The maximum value that is allowed for the fleet's instance count for a location. When creating a new fleet, GameLift automatically sets this value to \"1\". Once the fleet is active, you can change this value.",
          "type" : "integer",
          "minimum" : 0
        }
      },
      "required" : [ "DesiredEC2Instances", "MinSize", "MaxSize" ]
    },
    "CertificateConfiguration" : {
      "description" : "Information about the use of a TLS/SSL certificate for a fleet. TLS certificate generation is enabled at the fleet level, with one certificate generated for the fleet. When this feature is enabled, the certificate can be retrieved using the GameLift Server SDK call GetInstanceCertificate. All instances in a fleet share the same certificate.",
      "additionalProperties" : false,
      "type" : "object",
      "properties" : {
        "CertificateType" : {
          "type" : "string",
          "enum" : [ "DISABLED", "GENERATED" ]
        }
      },
      "required" : [ "CertificateType" ]
    },
    "IpPermission" : {
      "description" : "A range of IP addresses and port settings that allow inbound traffic to connect to server processes on an Amazon GameLift hosting resource. New game sessions that are started on the fleet are assigned an IP address/port number combination, which must fall into the fleet's allowed ranges. For fleets created with a custom game server, the ranges reflect the server's game session assignments. For Realtime Servers fleets, Amazon GameLift automatically opens two port ranges, one for TCP messaging and one for UDP, for use by the Realtime servers.",
      "additionalProperties" : false,
      "type" : "object",
      "properties" : {
        "IpRange" : {
          "pattern" : "(^(([0-9]|[1-9][0-9]|1[0-9]{2}|2[0-4][0-9]|25[0-5])\\.){3}([0-9]|[1-9][0-9]|1[0-9]{2}|2[0-4][0-9]|25[0-5])(/([0-9]|[1-2][0-9]|3[0-2]))$)",
          "description" : "A range of allowed IP addresses. This value must be expressed in CIDR notation. Example: \"000.000.000.000/[subnet mask]\" or optionally the shortened version \"0.0.0.0/[subnet mask]\".",
          "type" : "string"
        },
        "FromPort" : {
          "description" : "A starting value for a range of allowed port numbers.",
          "maximum" : 60000,
          "type" : "integer",
          "minimum" : 1
        },
        "ToPort" : {
          "description" : "An ending value for a range of allowed port numbers. Port numbers are end-inclusive. This value must be higher than FromPort.",
          "maximum" : 60000,
          "type" : "integer",
          "minimum" : 1
        },
        "Protocol" : {
          "description" : "The network communication protocol used by the fleet.",
          "type" : "string",
          "enum" : [ "TCP", "UDP" ]
        }
      },
      "required" : [ "FromPort", "IpRange", "Protocol", "ToPort" ]
    },
    "RuntimeConfiguration" : {
      "description" : "A collection of server process configurations that describe the processes to run on each instance in a fleet. All fleets must have a runtime configuration. Each instance in the fleet maintains server processes as specified in the runtime configuration, launching new ones as existing processes end. Each instance regularly checks for an updated runtime configuration makes adjustments as called for.\n\nThe runtime configuration enables the instances in a fleet to run multiple processes simultaneously. Potential scenarios are as follows: (1) Run multiple processes of a single game server executable to maximize usage of your hosting resources. (2) Run one or more processes of different executables, such as your game server and a metrics tracking program. (3) Run multiple processes of a single game server but with different launch parameters, for example to run one process on each instance in debug mode.\n\nAn Amazon GameLift instance is limited to 50 processes running simultaneously. A runtime configuration must specify fewer than this limit. To calculate the total number of processes specified in a runtime configuration, add the values of the ConcurrentExecutions parameter for each ServerProcess object in the runtime configuration.",
      "additionalProperties" : false,
      "type" : "object",
      "properties" : {
        "ServerProcesses" : {
          "maxItems" : 50,
          "description" : "A collection of server process configurations that describe which server processes to run on each instance in a fleet.",
          "insertionOrder" : false,
          "type" : "array",
          "items" : {
            "$ref" : "#/definitions/ServerProcess"
          }
        },
        "MaxConcurrentGameSessionActivations" : {
          "description" : "The maximum number of game sessions with status ACTIVATING to allow on an instance simultaneously. This setting limits the amount of instance resources that can be used for new game activations at any one time.",
          "maximum" : 2147483647,
          "type" : "integer",
          "minimum" : 1
        },
        "GameSessionActivationTimeoutSeconds" : {
          "description" : "The maximum amount of time (in seconds) that a game session can remain in status ACTIVATING. If the game session is not active before the timeout, activation is terminated and the game session status is changed to TERMINATED.",
          "maximum" : 600,
          "type" : "integer",
          "minimum" : 1
        }
      }
    },
    "Location" : {
      "minLength" : 1,
      "pattern" : "^[A-Za-z0-9\\-]+",
      "type" : "string",
      "maxLength" : 64
    },
    "LocationConfiguration" : {
      "description" : "A remote location where a multi-location fleet can deploy EC2 instances for game hosting.",
      "additionalProperties" : false,
      "type" : "object",
      "properties" : {
        "LocationCapacity" : {
          "$ref" : "#/definitions/LocationCapacity"
        },
        "Location" : {
          "$ref" : "#/definitions/Location"
        }
      },
      "required" : [ "Location" ]
    }
  },
  "properties" : {
    "ScalingPolicies" : {
      "maxItems" : 50,
      "description" : "A list of rules that control how a fleet is scaled.",
      "insertionOrder" : false,
      "type" : "array",
      "items" : {
        "$ref" : "#/definitions/ScalingPolicy"
      }
    },
    "Description" : {
      "minLength" : 1,
      "description" : "A human-readable description of a fleet.",
      "type" : "string",
      "maxLength" : 1024
    },
    "PeerVpcId" : {
      "minLength" : 1,
      "pattern" : "^vpc-\\S+",
      "description" : "A unique identifier for a VPC with resources to be accessed by your Amazon GameLift fleet. The VPC must be in the same Region as your fleet. To look up a VPC ID, use the VPC Dashboard in the AWS Management Console.",
      "type" : "string",
      "maxLength" : 1024
    },
    "EC2InboundPermissions" : {
      "maxItems" : 50,
      "description" : "A range of IP addresses and port settings that allow inbound traffic to connect to server processes on an Amazon GameLift server.",
      "insertionOrder" : false,
      "type" : "array",
      "items" : {
        "$ref" : "#/definitions/IpPermission"
      }
    },
    "ComputeType" : {
      "description" : "ComputeType to differentiate EC2 hardware managed by GameLift and Anywhere hardware managed by the customer.",
      "type" : "string",
      "enum" : [ "EC2", "ANYWHERE" ]
    },
    "Name" : {
      "minLength" : 1,
      "description" : "A descriptive label that is associated with a fleet. Fleet names do not need to be unique.",
      "type" : "string",
      "maxLength" : 1024
    },
    "AnywhereConfiguration" : {
      "description" : "Configuration for Anywhere fleet.",
      "$ref" : "#/definitions/AnywhereConfiguration"
    },
    "InstanceRoleARN" : {
      "minLength" : 1,
      "pattern" : "^arn:aws(-.*)?:[a-z-]+:(([a-z]+-)+[0-9])?:([0-9]{12})?:[^.]+$",
      "description" : "A unique identifier for an AWS IAM role that manages access to your AWS services. With an instance role ARN set, any application that runs on an instance in this fleet can assume the role, including install scripts, server processes, and daemons (background processes). Create a role or look up a role's ARN from the IAM dashboard in the AWS Management Console.",
      "type" : "string"
    },
    "FleetId" : {
      "pattern" : "^fleet-\\S+",
      "description" : "Unique fleet ID",
      "type" : "string"
    },
    "CertificateConfiguration" : {
      "description" : "Indicates whether to generate a TLS/SSL certificate for the new fleet. TLS certificates are used for encrypting traffic between game clients and game servers running on GameLift. If this parameter is not set, certificate generation is disabled. This fleet setting cannot be changed once the fleet is created.",
      "$ref" : "#/definitions/CertificateConfiguration"
    },
    "InstanceRoleCredentialsProvider" : {
      "description" : "Credentials provider implementation that loads credentials from the Amazon EC2 Instance Metadata Service.",
      "type" : "string",
      "enum" : [ "SHARED_CREDENTIAL_FILE" ]
    },
    "DesiredEC2Instances" : {
      "description" : "[DEPRECATED] The number of EC2 instances that you want this fleet to host. When creating a new fleet, GameLift automatically sets this value to \"1\" and initiates a single instance. Once the fleet is active, update this value to trigger GameLift to add or remove instances from the fleet.",
      "type" : "integer",
      "minimum" : 0
    },
    "ServerLaunchParameters" : {
      "minLength" : 1,
      "description" : "This parameter is no longer used but is retained for backward compatibility. Instead, specify server launch parameters in the RuntimeConfiguration parameter. A request must specify either a runtime configuration or values for both ServerLaunchParameters and ServerLaunchPath.",
      "type" : "string",
      "maxLength" : 1024
    },
    "FleetType" : {
      "description" : "Indicates whether to use On-Demand instances or Spot instances for this fleet. If empty, the default is ON_DEMAND. Both categories of instances use identical hardware and configurations based on the instance type selected for this fleet.",
      "type" : "string",
      "enum" : [ "ON_DEMAND", "SPOT" ]
    },
    "Locations" : {
      "minItems" : 1,
      "maxItems" : 100,
      "insertionOrder" : false,
      "type" : "array",
      "items" : {
        "$ref" : "#/definitions/LocationConfiguration"
      }
    },
    "NewGameSessionProtectionPolicy" : {
      "description" : "A game session protection policy to apply to all game sessions hosted on instances in this fleet. When protected, active game sessions cannot be terminated during a scale-down event. If this parameter is not set, instances in this fleet default to no protection. You can change a fleet's protection policy to affect future game sessions on the fleet. You can also set protection for individual game sessions.",
      "type" : "string",
      "enum" : [ "FullProtection", "NoProtection" ]
    },
    "ScriptId" : {
      "pattern" : "^script-\\S+|^arn:.*:script/script-\\S+",
      "description" : "A unique identifier for a Realtime script to be deployed on a new Realtime Servers fleet. The script must have been successfully uploaded to Amazon GameLift. This fleet setting cannot be changed once the fleet is created.\n\nNote: It is not currently possible to use the !Ref command to reference a script created with a CloudFormation template for the fleet property ScriptId. Instead, use Fn::GetAtt Script.Arn or Fn::GetAtt Script.Id to retrieve either of these properties as input for ScriptId. Alternatively, enter a ScriptId string manually.",
      "type" : "string"
    },
    "MaxSize" : {
      "description" : "[DEPRECATED] The maximum value that is allowed for the fleet's instance count. When creating a new fleet, GameLift automatically sets this value to \"1\". Once the fleet is active, you can change this value.",
      "type" : "integer",
      "minimum" : 0
    },
    "RuntimeConfiguration" : {
      "description" : "Instructions for launching server processes on each instance in the fleet. Server processes run either a custom game build executable or a Realtime script. The runtime configuration defines the server executables or launch script file, launch parameters, and the number of processes to run concurrently on each instance. When creating a fleet, the runtime configuration must have at least one server process configuration; otherwise the request fails with an invalid request exception.\n\nThis parameter is required unless the parameters ServerLaunchPath and ServerLaunchParameters are defined. Runtime configuration has replaced these parameters, but fleets that use them will continue to work.",
      "$ref" : "#/definitions/RuntimeConfiguration"
    },
    "LogPaths" : {
      "description" : "This parameter is no longer used. When hosting a custom game build, specify where Amazon GameLift should store log files using the Amazon GameLift server API call ProcessReady()",
      "insertionOrder" : false,
      "type" : "array",
      "items" : {
        "type" : "string"
      }
    },
    "ServerLaunchPath" : {
      "minLength" : 1,
      "description" : "This parameter is no longer used. Instead, specify a server launch path using the RuntimeConfiguration parameter. Requests that specify a server launch path and launch parameters instead of a runtime configuration will continue to work.",
      "type" : "string",
      "maxLength" : 1024
    },
    "MinSize" : {
      "description" : "[DEPRECATED] The minimum value allowed for the fleet's instance count. When creating a new fleet, GameLift automatically sets this value to \"0\". After the fleet is active, you can change this value.",
      "type" : "integer",
      "minimum" : 0
    },
    "PeerVpcAwsAccountId" : {
      "minLength" : 1,
      "pattern" : "^[0-9]{12}$",
      "description" : "A unique identifier for the AWS account with the VPC that you want to peer your Amazon GameLift fleet with. You can find your account ID in the AWS Management Console under account settings.",
      "type" : "string",
      "maxLength" : 1024
    },
    "MetricGroups" : {
      "maxItems" : 1,
      "description" : "The name of an Amazon CloudWatch metric group. A metric group aggregates the metrics for all fleets in the group. Specify a string containing the metric group name. You can use an existing name or use a new name to create a new metric group. Currently, this parameter can have only one string.",
      "insertionOrder" : false,
      "type" : "array",
      "items" : {
        "type" : "string"
      }
    },
    "BuildId" : {
      "pattern" : "^build-\\S+|^arn:.*:build/build-\\S+",
      "description" : "A unique identifier for a build to be deployed on the new fleet. If you are deploying the fleet with a custom game build, you must specify this property. The build must have been successfully uploaded to Amazon GameLift and be in a READY status. This fleet setting cannot be changed once the fleet is created.",
      "type" : "string"
    },
    "ResourceCreationLimitPolicy" : {
      "description" : "A policy that limits the number of game sessions an individual player can create over a span of time for this fleet.",
      "$ref" : "#/definitions/ResourceCreationLimitPolicy"
    },
    "EC2InstanceType" : {
      "pattern" : "^.*..*$",
      "description" : "The name of an EC2 instance type that is supported in Amazon GameLift. A fleet instance type determines the computing resources of each instance in the fleet, including CPU, memory, storage, and networking capacity. Amazon GameLift supports the following EC2 instance types. See Amazon EC2 Instance Types for detailed descriptions.",
      "type" : "string"
    }
  }
}