{
  "typeName" : "AWS::EFS::AccessPoint",
  "description" : "Resource Type definition for AWS::EFS::AccessPoint",
  "sourceUrl" : "https://github.com/aws-cloudformation/aws-cloudformation-rpdk.git",
  "definitions" : {
    "AccessPointTag" : {
      "type" : "object",
      "properties" : {
        "Key" : {
          "type" : "string",
          "minLength" : 1,
          "maxLength" : 128
        },
        "Value" : {
          "type" : "string",
          "minLength" : 1,
          "maxLength" : 256
        }
      },
      "additionalProperties" : false
    },
    "CreationInfo" : {
      "type" : "object",
      "properties" : {
        "OwnerUid" : {
          "type" : "string",
          "description" : "Specifies the POSIX user ID to apply to the RootDirectory. Accepts values from 0 to 2^32 (4294967295)."
        },
        "OwnerGid" : {
          "type" : "string",
          "description" : "Specifies the POSIX group ID to apply to the RootDirectory. Accepts values from 0 to 2^32 (4294967295)."
        },
        "Permissions" : {
          "type" : "string",
          "description" : "Specifies the POSIX permissions to apply to the RootDirectory, in the format of an octal number representing the file's mode bits.",
          "pattern" : "^[0-7]{3,4}$"
        }
      },
      "required" : [ "OwnerUid", "OwnerGid", "Permissions" ],
      "additionalProperties" : false
    },
    "RootDirectory" : {
      "type" : "object",
      "properties" : {
        "Path" : {
          "type" : "string",
          "description" : "Specifies the path on the EFS file system to expose as the root directory to NFS clients using the access point to access the EFS file system. A path can have up to four subdirectories. If the specified path does not exist, you are required to provide the CreationInfo.",
          "minLength" : 1,
          "maxLength" : 100
        },
        "CreationInfo" : {
          "description" : "(Optional) Specifies the POSIX IDs and permissions to apply to the access point's RootDirectory. If the RootDirectory>Path specified does not exist, EFS creates the root directory using the CreationInfo settings when a client connects to an access point. When specifying the CreationInfo, you must provide values for all properties.   If you do not provide CreationInfo and the specified RootDirectory>Path does not exist, attempts to mount the file system using the access point will fail. ",
          "$ref" : "#/definitions/CreationInfo"
        }
      },
      "additionalProperties" : false
    },
    "PosixUser" : {
      "type" : "object",
      "properties" : {
        "Uid" : {
          "type" : "string",
          "description" : "The POSIX user ID used for all file system operations using this access point."
        },
        "Gid" : {
          "type" : "string",
          "description" : "The POSIX group ID used for all file system operations using this access point."
        },
        "SecondaryGids" : {
          "type" : "array",
          "description" : "Secondary POSIX group IDs used for all file system operations using this access point.",
          "items" : {
            "type" : "string"
          }
        }
      },
      "required" : [ "Uid", "Gid" ],
      "additionalProperties" : false
    }
  },
  "properties" : {
    "AccessPointId" : {
      "type" : "string"
    },
    "Arn" : {
      "type" : "string"
    },
    "ClientToken" : {
      "description" : "(optional) A string of up to 64 ASCII characters that Amazon EFS uses to ensure idempotent creation.",
      "type" : "string"
    },
    "AccessPointTags" : {
      "type" : "array",
      "insertionOrder" : false,
      "uniqueItems" : true,
      "items" : {
        "$ref" : "#/definitions/AccessPointTag"
      }
    },
    "FileSystemId" : {
      "description" : "The ID of the EFS file system that the access point provides access to.",
      "type" : "string"
    },
    "PosixUser" : {
      "description" : "The operating system user and group applied to all file system requests made using the access point.",
      "$ref" : "#/definitions/PosixUser"
    },
    "RootDirectory" : {
      "description" : "Specifies the directory on the Amazon EFS file system that the access point exposes as the root directory of your file system to NFS clients using the access point. The clients using the access point can only access the root directory and below. If the RootDirectory>Path specified does not exist, EFS creates it and applies the CreationInfo settings when a client connects to an access point. When specifying a RootDirectory, you need to provide the Path, and the CreationInfo is optional.",
      "$ref" : "#/definitions/RootDirectory"
    }
  },
  "additionalProperties" : false,
  "required" : [ "FileSystemId" ],
  "primaryIdentifier" : [ "/properties/AccessPointId" ],
  "createOnlyProperties" : [ "/properties/FileSystemId", "/properties/ClientToken", "/properties/CreationInfo", "/properties/CreationInfo/OwnerUid", "/properties/CreationInfo/OwnerGid", "/properties/CreationInfo/Permissions", "/properties/PosixUser", "/properties/PosixUser/Uid", "/properties/PosixUser/Gid", "/properties/PosixUser/SecondaryGids", "/properties/RootDirectory", "/properties/RootDirectory/Path", "/properties/RootDirectory/CreationInfo" ],
  "readOnlyProperties" : [ "/properties/AccessPointId", "/properties/Arn" ],
  "tagging" : {
    "taggable" : true,
    "tagOnCreate" : true,
    "tagUpdatable" : true,
    "cloudFormationSystemTags" : false,
    "tagProperty" : "/properties/AccessPointTags"
  },
  "handlers" : {
    "create" : {
      "permissions" : [ "elasticfilesystem:CreateAccessPoint", "elasticfilesystem:TagResource", "elasticfilesystem:DescribeAccessPoints" ]
    },
    "read" : {
      "permissions" : [ "elasticfilesystem:DescribeAccessPoints" ]
    },
    "delete" : {
      "permissions" : [ "elasticfilesystem:DeleteAccessPoint", "elasticfilesystem:DescribeAccessPoints" ]
    },
    "list" : {
      "permissions" : [ "elasticfilesystem:DescribeAccessPoints" ]
    },
    "update" : {
      "permissions" : [ "elasticfilesystem:DescribeAccessPoints", "elasticfilesystem:ListTagsForResource", "elasticfilesystem:TagResource", "elasticfilesystem:UntagResource" ]
    }
  }
}