{
  "sourceUrl" : "https://github.com/aws-cloudformation/aws-cloudformation-resource-providers-transitgateway",
  "tagging" : {
    "taggable" : true
  },
  "handlers" : {
    "read" : {
      "permissions" : [ "ec2:CreateTransitGateway", "ec2:CreateTags", "ec2:DescribeTransitGateways", "ec2:DescribeTags", "ec2:DeleteTransitGateway", "ec2:DeleteTags", "ec2:ModifyTransitGateway", "ec2:ModifyTransitGatewayOptions" ]
    },
    "create" : {
      "permissions" : [ "ec2:CreateTransitGateway", "ec2:CreateTags", "ec2:DescribeTransitGateways", "ec2:DescribeTags", "ec2:DeleteTransitGateway", "ec2:DeleteTags", "ec2:ModifyTransitGateway", "ec2:ModifyTransitGatewayOptions" ]
    },
    "update" : {
      "permissions" : [ "ec2:CreateTransitGateway", "ec2:CreateTags", "ec2:DescribeTransitGateways", "ec2:DescribeTags", "ec2:DeleteTransitGateway", "ec2:DeleteTags", "ec2:ModifyTransitGateway", "ec2:ModifyTransitGatewayOptions" ]
    },
    "list" : {
      "permissions" : [ "ec2:CreateTransitGateway", "ec2:CreateTags", "ec2:DescribeTransitGateways", "ec2:DescribeTags", "ec2:DeleteTransitGateway", "ec2:DeleteTags", "ec2:ModifyTransitGateway", "ec2:ModifyTransitGatewayOptions" ]
    },
    "delete" : {
      "permissions" : [ "ec2:CreateTransitGateway", "ec2:CreateTags", "ec2:DescribeTransitGateways", "ec2:DescribeTags", "ec2:DeleteTransitGateway", "ec2:DeleteTags", "ec2:ModifyTransitGateway", "ec2:ModifyTransitGatewayOptions" ]
    }
  },
  "typeName" : "AWS::EC2::TransitGateway",
  "readOnlyProperties" : [ "/properties/Id", "/properties/TransitGatewayArn" ],
  "description" : "Resource Type definition for AWS::EC2::TransitGateway",
  "createOnlyProperties" : [ "/properties/AmazonSideAsn", "/properties/MulticastSupport" ],
  "additionalProperties" : false,
  "primaryIdentifier" : [ "/properties/Id" ],
  "definitions" : {
    "Tag" : {
      "additionalProperties" : false,
      "type" : "object",
      "properties" : {
        "Value" : {
          "type" : "string"
        },
        "Key" : {
          "type" : "string"
        }
      },
      "required" : [ "Value", "Key" ]
    }
  },
  "properties" : {
    "Description" : {
      "type" : "string"
    },
    "AssociationDefaultRouteTableId" : {
      "type" : "string"
    },
    "AutoAcceptSharedAttachments" : {
      "type" : "string"
    },
    "TransitGatewayArn" : {
      "type" : "string"
    },
    "DefaultRouteTablePropagation" : {
      "type" : "string"
    },
    "TransitGatewayCidrBlocks" : {
      "type" : "array",
      "items" : {
        "type" : "string"
      }
    },
    "PropagationDefaultRouteTableId" : {
      "type" : "string"
    },
    "DefaultRouteTableAssociation" : {
      "type" : "string"
    },
    "Id" : {
      "type" : "string"
    },
    "VpnEcmpSupport" : {
      "type" : "string"
    },
    "DnsSupport" : {
      "type" : "string"
    },
    "MulticastSupport" : {
      "type" : "string"
    },
    "AmazonSideAsn" : {
      "format" : "int64",
      "type" : "integer"
    },
    "Tags" : {
      "uniqueItems" : false,
      "type" : "array",
      "items" : {
        "$ref" : "#/definitions/Tag"
      }
    }
  }
}