{
  "typeName" : "AWS::EC2::Route",
  "description" : "Resource Type definition for AWS::EC2::Route",
  "sourceUrl" : "https://github.com/aws-cloudformation/aws-cloudformation-resource-providers-ec2",
  "additionalProperties" : false,
  "properties" : {
    "CarrierGatewayId" : {
      "type" : "string",
      "description" : "The ID of the carrier gateway."
    },
    "CidrBlock" : {
      "type" : "string",
      "description" : "The primary identifier of the resource generated by the service."
    },
    "DestinationCidrBlock" : {
      "type" : "string",
      "description" : "The IPv4 CIDR block used for the destination match."
    },
    "DestinationIpv6CidrBlock" : {
      "type" : "string",
      "description" : "The IPv6 CIDR block used for the destination match."
    },
    "DestinationPrefixListId" : {
      "type" : "string",
      "description" : "The ID of managed prefix list, it's a set of one or more CIDR blocks."
    },
    "EgressOnlyInternetGatewayId" : {
      "type" : "string",
      "description" : "The ID of the egress-only internet gateway."
    },
    "GatewayId" : {
      "type" : "string",
      "description" : "The ID of an internet gateway or virtual private gateway attached to your VPC."
    },
    "InstanceId" : {
      "type" : "string",
      "description" : "The ID of a NAT instance in your VPC."
    },
    "LocalGatewayId" : {
      "type" : "string",
      "description" : "The ID of the local gateway."
    },
    "NatGatewayId" : {
      "type" : "string",
      "description" : "The ID of a NAT gateway."
    },
    "NetworkInterfaceId" : {
      "type" : "string",
      "description" : "The ID of the network interface."
    },
    "RouteTableId" : {
      "type" : "string",
      "description" : "The ID of the route table. The routing table must be associated with the same VPC that the virtual private gateway is attached to."
    },
    "TransitGatewayId" : {
      "type" : "string",
      "description" : "The ID of a transit gateway."
    },
    "VpcEndpointId" : {
      "type" : "string",
      "description" : "The ID of a VPC endpoint. Supported for Gateway Load Balancer endpoints only."
    },
    "VpcPeeringConnectionId" : {
      "type" : "string",
      "description" : "The ID of a VPC peering connection."
    }
  },
  "tagging" : {
    "taggable" : false
  },
  "required" : [ "RouteTableId" ],
  "readOnlyProperties" : [ "/properties/CidrBlock" ],
  "createOnlyProperties" : [ "/properties/RouteTableId", "/properties/DestinationCidrBlock", "/properties/DestinationIpv6CidrBlock", "/properties/DestinationPrefixListId" ],
  "primaryIdentifier" : [ "/properties/RouteTableId", "/properties/CidrBlock" ],
  "handlers" : {
    "create" : {
      "permissions" : [ "ec2:CreateRoute", "ec2:DescribeRouteTables", "ec2:DescribeNetworkInterfaces" ]
    },
    "read" : {
      "permissions" : [ "ec2:DescribeRouteTables" ]
    },
    "update" : {
      "permissions" : [ "ec2:ReplaceRoute", "ec2:DescribeRouteTables", "ec2:DescribeNetworkInterfaces" ]
    },
    "delete" : {
      "permissions" : [ "ec2:DeleteRoute", "ec2:DescribeRouteTables" ]
    },
    "list" : {
      "permissions" : [ "ec2:DescribeRouteTables" ],
      "handlerSchema" : {
        "properties" : {
          "RouteTableId" : {
            "$ref" : "resource-schema.json#/properties/RouteTableId"
          }
        },
        "required" : [ "RouteTableId" ]
      }
    }
  }
}