{
  "additionalProperties" : false,
  "definitions" : {
    "PublicKeyConfig" : {
      "additionalProperties" : false,
      "properties" : {
        "CallerReference" : {
          "type" : "string"
        },
        "Comment" : {
          "type" : "string"
        },
        "EncodedKey" : {
          "type" : "string"
        },
        "Name" : {
          "type" : "string"
        }
      },
      "required" : [ "CallerReference", "Name", "EncodedKey" ],
      "type" : "object"
    }
  },
  "description" : "Resource Type definition for AWS::CloudFront::PublicKey",
  "handlers" : {
    "create" : {
      "permissions" : [ "cloudfront:CreatePublicKey" ]
    },
    "delete" : {
      "permissions" : [ "cloudfront:DeletePublicKey", "cloudfront:GetPublicKey" ]
    },
    "list" : {
      "permissions" : [ "cloudfront:ListPublicKeys" ]
    },
    "read" : {
      "permissions" : [ "cloudfront:GetPublicKey" ]
    },
    "update" : {
      "permissions" : [ "cloudfront:UpdatePublicKey", "cloudfront:GetPublicKey" ]
    }
  },
  "primaryIdentifier" : [ "/properties/Id" ],
  "properties" : {
    "CreatedTime" : {
      "type" : "string"
    },
    "Id" : {
      "type" : "string"
    },
    "PublicKeyConfig" : {
      "$ref" : "#/definitions/PublicKeyConfig"
    }
  },
  "readOnlyProperties" : [ "/properties/Id", "/properties/CreatedTime" ],
  "required" : [ "PublicKeyConfig" ],
  "tagging" : {
    "cloudFormationSystemTags" : false,
    "tagOnCreate" : false,
    "tagUpdatable" : false,
    "taggable" : false
  },
  "typeName" : "AWS::CloudFront::PublicKey"
}