{
  "additionalProperties" : false,
  "definitions" : {
    "KeyGroupConfig" : {
      "additionalProperties" : false,
      "properties" : {
        "Comment" : {
          "type" : "string"
        },
        "Items" : {
          "items" : {
            "type" : "string"
          },
          "type" : "array",
          "uniqueItems" : false
        },
        "Name" : {
          "type" : "string"
        }
      },
      "required" : [ "Name", "Items" ],
      "type" : "object"
    }
  },
  "description" : "Resource Type definition for AWS::CloudFront::KeyGroup",
  "handlers" : {
    "create" : {
      "permissions" : [ "cloudfront:CreateKeyGroup" ]
    },
    "delete" : {
      "permissions" : [ "cloudfront:DeleteKeyGroup", "cloudfront:GetKeyGroup" ]
    },
    "list" : {
      "permissions" : [ "cloudfront:ListKeyGroups" ]
    },
    "read" : {
      "permissions" : [ "cloudfront:GetKeyGroup" ]
    },
    "update" : {
      "permissions" : [ "cloudfront:UpdateKeyGroup", "cloudfront:GetKeyGroup" ]
    }
  },
  "primaryIdentifier" : [ "/properties/Id" ],
  "properties" : {
    "Id" : {
      "type" : "string"
    },
    "KeyGroupConfig" : {
      "$ref" : "#/definitions/KeyGroupConfig"
    },
    "LastModifiedTime" : {
      "type" : "string"
    }
  },
  "readOnlyProperties" : [ "/properties/Id", "/properties/LastModifiedTime" ],
  "required" : [ "KeyGroupConfig" ],
  "tagging" : {
    "cloudFormationSystemTags" : false,
    "tagOnCreate" : false,
    "tagUpdatable" : false,
    "taggable" : false
  },
  "typeName" : "AWS::CloudFront::KeyGroup"
}