{
  "typeName" : "AWS::IAM::Policy",
  "description" : "Resource Type definition for AWS::IAM::Policy",
  "sourceUrl" : "https://github.com/aws-cloudformation/aws-cloudformation-resource-providers-iam.git",
  "properties" : {
    "Id" : {
      "description" : "The provider-assigned unique ID for this resource",
      "type" : "string"
    },
    "Groups" : {
      "description" : "The name of the group to associate the policy with. This parameter allows (through its regex pattern) a string of characters consisting of upper and lowercase alphanumeric characters with no spaces. You can also include any of the following characters: _+=,.@-.",
      "type" : "array",
      "uniqueItems" : false,
      "insertionOrder" : false,
      "items" : {
        "type" : "string"
      }
    },
    "PolicyDocument" : {
      "description" : "The policy document. You must provide policies in JSON format in IAM. However, for AWS CloudFormation templates formatted in YAML, you can provide the policy in JSON or YAML format. AWS CloudFormation always converts a YAML policy to JSON format before submitting it to IAM.",
      "type" : [ "object", "string" ],
      "minLength" : 1,
      "maxLength" : 131072
    },
    "PolicyName" : {
      "description" : "The name of the policy document. This parameter allows (through its regex pattern) a string of characters consisting of upper and lowercase alphanumeric characters with no spaces. You can also include any of the following characters: _+=,.@-",
      "type" : "string",
      "minLength" : 1,
      "maxLength" : 128
    },
    "Roles" : {
      "description" : "The name of the role to associate the policy with. This parameter allows (per its regex pattern) a string of characters consisting of upper and lowercase alphanumeric characters with no spaces. You can also include any of the following characters: _+=,.@-",
      "type" : "array",
      "uniqueItems" : false,
      "insertionOrder" : false,
      "items" : {
        "type" : "string"
      }
    },
    "Users" : {
      "description" : "The name of the user to associate the policy with. This parameter allows (through its regex pattern) a string of characters consisting of upper and lowercase alphanumeric characters with no spaces. You can also include any of the following characters: _+=,.@-",
      "type" : "array",
      "uniqueItems" : false,
      "insertionOrder" : false,
      "items" : {
        "type" : "string"
      }
    }
  },
  "additionalProperties" : false,
  "taggable" : false,
  "required" : [ "PolicyDocument", "PolicyName" ],
  "readOnlyProperties" : [ "/properties/Id" ],
  "primaryIdentifier" : [ "/properties/Id" ],
  "handlers" : {
    "create" : {
      "permissions" : [ "iam:GetUserPolicy", "iam:GetRolePolicy", "iam:GetGroupPolicy", "iam:PutUserPolicy", "iam:PutRolePolicy", "iam:PutGroupPolicy" ],
      "timeoutInMinutes" : 2160
    },
    "update" : {
      "permissions" : [ "iam:PutUserPolicy", "iam:PutRolePolicy", "iam:PutGroupPolicy", "iam:DeleteRolePolicy", "iam:DeleteUserPolicy", "iam:DeleteGroupPolicy" ],
      "timeoutInMinutes" : 2160
    },
    "delete" : {
      "permissions" : [ "iam:DeleteRolePolicy", "iam:DeleteUserPolicy", "iam:DeleteGroupPolicy" ],
      "timeoutInMinutes" : 2160
    }
  }
}