{
  "typeName" : "AWS::SageMaker::Domain",
  "description" : "Resource Type definition for AWS::SageMaker::Domain",
  "additionalProperties" : false,
  "properties" : {
    "DomainArn" : {
      "type" : "string",
      "description" : "The Amazon Resource Name (ARN) of the created domain.",
      "maxLength" : 256,
      "pattern" : "arn:aws[a-z\\-]*:sagemaker:[a-z0-9\\-]*:[0-9]{12}:domain/.*"
    },
    "Url" : {
      "type" : "string",
      "description" : "The URL to the created domain.",
      "maxLength" : 1024
    },
    "AppNetworkAccessType" : {
      "type" : "string",
      "description" : "Specifies the VPC used for non-EFS traffic. The default value is PublicInternetOnly.",
      "enum" : [ "PublicInternetOnly", "VpcOnly" ]
    },
    "AuthMode" : {
      "type" : "string",
      "description" : "The mode of authentication that members use to access the domain.",
      "enum" : [ "SSO", "IAM" ]
    },
    "DefaultUserSettings" : {
      "$ref" : "#/definitions/UserSettings",
      "description" : "The default user settings."
    },
    "DefaultSpaceSettings" : {
      "$ref" : "#/definitions/DefaultSpaceSettings",
      "description" : "The default space settings."
    },
    "DomainName" : {
      "type" : "string",
      "description" : "A name for the domain.",
      "maxLength" : 63,
      "pattern" : "^[a-zA-Z0-9](-*[a-zA-Z0-9]){0,62}"
    },
    "KmsKeyId" : {
      "type" : "string",
      "description" : "SageMaker uses AWS KMS to encrypt the EFS volume attached to the domain with an AWS managed customer master key (CMK) by default.",
      "maxLength" : 2048,
      "pattern" : ".*"
    },
    "SubnetIds" : {
      "type" : "array",
      "description" : "The VPC subnets that Studio uses for communication.",
      "uniqueItems" : false,
      "insertionOrder" : false,
      "minItems" : 1,
      "maxItems" : 16,
      "items" : {
        "type" : "string",
        "maxLength" : 32,
        "pattern" : "[-0-9a-zA-Z]+"
      }
    },
    "Tags" : {
      "type" : "array",
      "description" : "A list of tags to apply to the user profile.",
      "uniqueItems" : false,
      "insertionOrder" : false,
      "minItems" : 0,
      "maxItems" : 50,
      "items" : {
        "$ref" : "#/definitions/Tag"
      }
    },
    "VpcId" : {
      "type" : "string",
      "description" : "The ID of the Amazon Virtual Private Cloud (VPC) that Studio uses for communication.",
      "maxLength" : 32,
      "pattern" : "[-0-9a-zA-Z]+"
    },
    "DomainId" : {
      "type" : "string",
      "description" : "The domain name.",
      "maxLength" : 63,
      "pattern" : "^d-(-*[a-z0-9])+"
    },
    "HomeEfsFileSystemId" : {
      "type" : "string",
      "description" : "The ID of the Amazon Elastic File System (EFS) managed by this Domain.",
      "maxLength" : 32
    },
    "SingleSignOnManagedApplicationInstanceId" : {
      "type" : "string",
      "description" : "The SSO managed application instance ID.",
      "maxLength" : 256
    },
    "DomainSettings" : {
      "$ref" : "#/definitions/DomainSettings"
    },
    "AppSecurityGroupManagement" : {
      "type" : "string",
      "description" : "The entity that creates and manages the required security groups for inter-app communication in VPCOnly mode. Required when CreateDomain.AppNetworkAccessType is VPCOnly and DomainSettings.RStudioServerProDomainSettings.DomainExecutionRoleArn is provided.",
      "enum" : [ "Service", "Customer" ]
    },
    "SecurityGroupIdForDomainBoundary" : {
      "type" : "string",
      "description" : "The ID of the security group that authorizes traffic between the RSessionGateway apps and the RStudioServerPro app.",
      "maxLength" : 32,
      "pattern" : "[-0-9a-zA-Z]+"
    }
  },
  "definitions" : {
    "UserSettings" : {
      "type" : "object",
      "description" : "A collection of settings that apply to users of Amazon SageMaker Studio. These settings are specified when the CreateUserProfile API is called, and as DefaultUserSettings when the CreateDomain API is called.",
      "additionalProperties" : false,
      "properties" : {
        "ExecutionRole" : {
          "type" : "string",
          "description" : "The execution role for the user.",
          "minLength" : 20,
          "maxLength" : 2048,
          "pattern" : "^arn:aws[a-z\\-]*:iam::\\d{12}:role/?[a-zA-Z_0-9+=,.@\\-_/]+$"
        },
        "JupyterServerAppSettings" : {
          "$ref" : "#/definitions/JupyterServerAppSettings",
          "description" : "The Jupyter server's app settings."
        },
        "KernelGatewayAppSettings" : {
          "$ref" : "#/definitions/KernelGatewayAppSettings",
          "description" : "The kernel gateway app settings."
        },
        "RStudioServerProAppSettings" : {
          "$ref" : "#/definitions/RStudioServerProAppSettings"
        },
        "RSessionAppSettings" : {
          "$ref" : "#/definitions/RSessionAppSettings"
        },
        "SecurityGroups" : {
          "type" : "array",
          "description" : "The security groups for the Amazon Virtual Private Cloud (VPC) that Studio uses for communication.",
          "uniqueItems" : false,
          "insertionOrder" : false,
          "minItems" : 0,
          "maxItems" : 5,
          "items" : {
            "type" : "string",
            "maxLength" : 32,
            "pattern" : "[-0-9a-zA-Z]+"
          }
        },
        "SharingSettings" : {
          "$ref" : "#/definitions/SharingSettings",
          "description" : "The sharing settings."
        }
      },
      "required" : [ "ExecutionRole" ]
    },
    "DefaultSpaceSettings" : {
      "type" : "object",
      "description" : "A collection of settings that apply to spaces of Amazon SageMaker Studio. These settings are specified when the Create/Update Domain API is called.",
      "additionalProperties" : false,
      "properties" : {
        "ExecutionRole" : {
          "type" : "string",
          "description" : "The execution role for the space.",
          "minLength" : 20,
          "maxLength" : 2048,
          "pattern" : "^arn:aws[a-z\\-]*:iam::\\d{12}:role/?[a-zA-Z_0-9+=,.@\\-_/]+$"
        },
        "JupyterServerAppSettings" : {
          "$ref" : "#/definitions/JupyterServerAppSettings",
          "description" : "The Jupyter server's app settings."
        },
        "KernelGatewayAppSettings" : {
          "$ref" : "#/definitions/KernelGatewayAppSettings",
          "description" : "The kernel gateway app settings."
        },
        "SecurityGroups" : {
          "type" : "array",
          "description" : "The security groups for the Amazon Virtual Private Cloud (VPC) that Studio uses for communication.",
          "uniqueItems" : false,
          "insertionOrder" : false,
          "minItems" : 0,
          "maxItems" : 5,
          "items" : {
            "type" : "string",
            "maxLength" : 32,
            "pattern" : "[-0-9a-zA-Z]+"
          }
        }
      },
      "required" : [ "ExecutionRole" ]
    },
    "JupyterServerAppSettings" : {
      "type" : "object",
      "description" : "The JupyterServer app settings.",
      "additionalProperties" : false,
      "properties" : {
        "DefaultResourceSpec" : {
          "$ref" : "#/definitions/ResourceSpec"
        }
      }
    },
    "ResourceSpec" : {
      "type" : "object",
      "additionalProperties" : false,
      "properties" : {
        "InstanceType" : {
          "type" : "string",
          "description" : "The instance type that the image version runs on.",
          "enum" : [ "system", "ml.t3.micro", "ml.t3.small", "ml.t3.medium", "ml.t3.large", "ml.t3.xlarge", "ml.t3.2xlarge", "ml.m5.large", "ml.m5.xlarge", "ml.m5.2xlarge", "ml.m5.4xlarge", "ml.m5.8xlarge", "ml.m5.12xlarge", "ml.m5.16xlarge", "ml.m5.24xlarge", "ml.c5.large", "ml.c5.xlarge", "ml.c5.2xlarge", "ml.c5.4xlarge", "ml.c5.9xlarge", "ml.c5.12xlarge", "ml.c5.18xlarge", "ml.c5.24xlarge", "ml.p3.2xlarge", "ml.p3.8xlarge", "ml.p3.16xlarge", "ml.g4dn.xlarge", "ml.g4dn.2xlarge", "ml.g4dn.4xlarge", "ml.g4dn.8xlarge", "ml.g4dn.12xlarge", "ml.g4dn.16xlarge", "ml.r5.large", "ml.r5.xlarge", "ml.r5.2xlarge", "ml.r5.4xlarge", "ml.r5.8xlarge", "ml.r5.12xlarge", "ml.r5.16xlarge", "ml.r5.24xlarge", "ml.p3dn.24xlarge", "ml.m5d.large", "ml.m5d.xlarge", "ml.m5d.2xlarge", "ml.m5d.4xlarge", "ml.m5d.8xlarge", "ml.m5d.12xlarge", "ml.m5d.16xlarge", "ml.m5d.24xlarge", "ml.g5.xlarge", "ml.g5.2xlarge", "ml.g5.4xlarge", "ml.g5.8xlarge", "ml.g5.12xlarge", "ml.g5.16xlarge", "ml.g5.24xlarge", "ml.g5.48xlarge", "ml.p4d.24xlarge", "ml.p4de.24xlarge", "ml.geospatial.interactive" ]
        },
        "SageMakerImageArn" : {
          "type" : "string",
          "description" : "The Amazon Resource Name (ARN) of the SageMaker image that the image version belongs to.",
          "maxLength" : 256,
          "pattern" : "^arn:aws(-[\\w]+)*:sagemaker:.+:[0-9]{12}:image/[a-z0-9]([-.]?[a-z0-9])*$"
        },
        "SageMakerImageVersionArn" : {
          "type" : "string",
          "description" : "The Amazon Resource Name (ARN) of the image version created on the instance.",
          "maxLength" : 256,
          "pattern" : "^arn:aws(-[\\w]+)*:sagemaker:.+:[0-9]{12}:image-version/[a-z0-9]([-.]?[a-z0-9])*/[0-9]+$"
        },
        "LifecycleConfigArn" : {
          "type" : "string",
          "description" : "The Amazon Resource Name (ARN) of the Lifecycle Configuration to attach to the Resource.",
          "maxLength" : 256,
          "pattern" : "arn:aws[a-z\\-]*:sagemaker:[a-z0-9\\-]*:[0-9]{12}:studio-lifecycle-config/.*"
        }
      }
    },
    "KernelGatewayAppSettings" : {
      "type" : "object",
      "description" : "The kernel gateway app settings.",
      "additionalProperties" : false,
      "properties" : {
        "CustomImages" : {
          "type" : "array",
          "description" : "A list of custom SageMaker images that are configured to run as a KernelGateway app.",
          "uniqueItems" : false,
          "insertionOrder" : false,
          "minItems" : 0,
          "maxItems" : 30,
          "items" : {
            "$ref" : "#/definitions/CustomImage"
          }
        },
        "DefaultResourceSpec" : {
          "$ref" : "#/definitions/ResourceSpec",
          "description" : "The default instance type and the Amazon Resource Name (ARN) of the default SageMaker image used by the KernelGateway app."
        }
      }
    },
    "CustomImage" : {
      "type" : "object",
      "description" : "A custom SageMaker image.",
      "additionalProperties" : false,
      "properties" : {
        "AppImageConfigName" : {
          "type" : "string",
          "description" : "The Name of the AppImageConfig.",
          "maxLength" : 63,
          "pattern" : "^[a-zA-Z0-9](-*[a-zA-Z0-9]){0,62}"
        },
        "ImageName" : {
          "type" : "string",
          "description" : "The name of the CustomImage. Must be unique to your account.",
          "maxLength" : 63,
          "pattern" : "^[a-zA-Z0-9]([-.]?[a-zA-Z0-9]){0,62}$"
        },
        "ImageVersionNumber" : {
          "type" : "integer",
          "description" : "The version number of the CustomImage.",
          "minimum" : 0
        }
      },
      "required" : [ "AppImageConfigName", "ImageName" ]
    },
    "SharingSettings" : {
      "type" : "object",
      "description" : "Specifies options when sharing an Amazon SageMaker Studio notebook. These settings are specified as part of DefaultUserSettings when the CreateDomain API is called, and as part of UserSettings when the CreateUserProfile API is called.",
      "additionalProperties" : false,
      "properties" : {
        "NotebookOutputOption" : {
          "type" : "string",
          "description" : "Whether to include the notebook cell output when sharing the notebook. The default is Disabled.",
          "enum" : [ "Allowed", "Disabled" ]
        },
        "S3KmsKeyId" : {
          "type" : "string",
          "description" : "When NotebookOutputOption is Allowed, the AWS Key Management Service (KMS) encryption key ID used to encrypt the notebook cell output in the Amazon S3 bucket.",
          "maxLength" : 2048,
          "pattern" : ".*"
        },
        "S3OutputPath" : {
          "type" : "string",
          "description" : "When NotebookOutputOption is Allowed, the Amazon S3 bucket used to store the shared notebook snapshots.",
          "maxLength" : 1024,
          "pattern" : "^(https|s3)://([^/]+)/?(.*)$"
        }
      }
    },
    "Tag" : {
      "type" : "object",
      "additionalProperties" : false,
      "properties" : {
        "Value" : {
          "type" : "string",
          "minLength" : 1,
          "maxLength" : 128
        },
        "Key" : {
          "type" : "string",
          "minLength" : 1,
          "maxLength" : 128
        }
      },
      "required" : [ "Key", "Value" ]
    },
    "DomainSettings" : {
      "type" : "object",
      "description" : "A collection of Domain settings.",
      "additionalProperties" : false,
      "properties" : {
        "SecurityGroupIds" : {
          "type" : "array",
          "description" : "The security groups for the Amazon Virtual Private Cloud that the Domain uses for communication between Domain-level apps and user apps.",
          "uniqueItems" : false,
          "insertionOrder" : false,
          "minItems" : 1,
          "maxItems" : 3,
          "items" : {
            "type" : "string",
            "maxLength" : 32,
            "pattern" : "[-0-9a-zA-Z]+"
          }
        },
        "RStudioServerProDomainSettings" : {
          "$ref" : "#/definitions/RStudioServerProDomainSettings"
        }
      }
    },
    "RStudioServerProDomainSettings" : {
      "type" : "object",
      "description" : "A collection of settings that update the current configuration for the RStudioServerPro Domain-level app.",
      "additionalProperties" : false,
      "properties" : {
        "DomainExecutionRoleArn" : {
          "type" : "string",
          "description" : "The ARN of the execution role for the RStudioServerPro Domain-level app.",
          "minLength" : 20,
          "maxLength" : 2048,
          "pattern" : "^arn:aws[a-z\\-]*:iam::\\d{12}:role/?[a-zA-Z_0-9+=,.@\\-_/]+$"
        },
        "RStudioConnectUrl" : {
          "type" : "string",
          "description" : "A URL pointing to an RStudio Connect server.",
          "pattern" : "^(https:|http:|www\\.)\\S*"
        },
        "RStudioPackageManagerUrl" : {
          "type" : "string",
          "description" : "A URL pointing to an RStudio Package Manager server.",
          "pattern" : "^(https:|http:|www\\.)\\S*"
        },
        "DefaultResourceSpec" : {
          "$ref" : "#/definitions/ResourceSpec"
        }
      },
      "required" : [ "DomainExecutionRoleArn" ]
    },
    "RSessionAppSettings" : {
      "type" : "object",
      "description" : "A collection of settings that apply to an RSessionGateway app.",
      "additionalProperties" : false,
      "properties" : {
        "CustomImages" : {
          "type" : "array",
          "description" : "A list of custom SageMaker images that are configured to run as a KernelGateway app.",
          "insertionOrder" : false,
          "uniqueItems" : false,
          "minItems" : 0,
          "maxItems" : 30,
          "items" : {
            "$ref" : "#/definitions/CustomImage"
          }
        },
        "DefaultResourceSpec" : {
          "$ref" : "#/definitions/ResourceSpec"
        }
      }
    },
    "RStudioServerProAppSettings" : {
      "type" : "object",
      "description" : "A collection of settings that configure user interaction with the RStudioServerPro app.",
      "additionalProperties" : false,
      "properties" : {
        "AccessStatus" : {
          "type" : "string",
          "description" : "Indicates whether the current user has access to the RStudioServerPro app.",
          "enum" : [ "ENABLED", "DISABLED" ]
        },
        "UserGroup" : {
          "type" : "string",
          "description" : "The level of permissions that the user has within the RStudioServerPro app. This value defaults to User. The Admin value allows the user access to the RStudio Administrative Dashboard.",
          "enum" : [ "R_STUDIO_ADMIN", "R_STUDIO_USER" ]
        }
      }
    }
  },
  "required" : [ "AuthMode", "DefaultUserSettings", "DomainName", "SubnetIds", "VpcId" ],
  "createOnlyProperties" : [ "/properties/AppNetworkAccessType", "/properties/AuthMode", "/properties/DomainName", "/properties/DomainSettings/RStudioServerProDomainSettings/DefaultResourceSpec", "/properties/KmsKeyId", "/properties/SubnetIds", "/properties/VpcId", "/properties/Tags" ],
  "writeOnlyProperties" : [ "/properties/Tags" ],
  "primaryIdentifier" : [ "/properties/DomainId" ],
  "readOnlyProperties" : [ "/properties/DomainArn", "/properties/Url", "/properties/DomainId", "/properties/HomeEfsFileSystemId", "/properties/SecurityGroupIdForDomainBoundary", "/properties/SingleSignOnManagedApplicationInstanceId" ],
  "handlers" : {
    "create" : {
      "permissions" : [ "sagemaker:CreateApp", "sagemaker:CreateDomain", "sagemaker:DescribeDomain", "sagemaker:DescribeImage", "sagemaker:DescribeImageVersion", "iam:CreateServiceLinkedRole", "iam:PassRole", "efs:CreateFileSystem", "kms:CreateGrant", "kms:Decrypt", "kms:DescribeKey", "kms:GenerateDataKeyWithoutPlainText" ]
    },
    "read" : {
      "permissions" : [ "sagemaker:DescribeDomain" ]
    },
    "update" : {
      "permissions" : [ "sagemaker:CreateApp", "sagemaker:UpdateDomain", "sagemaker:DescribeDomain", "sagemaker:DescribeImage", "sagemaker:DescribeImageVersion", "iam:PassRole" ]
    },
    "delete" : {
      "permissions" : [ "sagemaker:DeleteApp", "sagemaker:DeleteDomain", "sagemaker:DescribeDomain" ]
    },
    "list" : {
      "permissions" : [ "sagemaker:ListDomains" ]
    }
  }
}