{
  "typeName" : "AWS::Pinpoint::EmailChannel",
  "description" : "Resource Type definition for AWS::Pinpoint::EmailChannel",
  "additionalProperties" : false,
  "properties" : {
    "Id" : {
      "type" : "string"
    },
    "ConfigurationSet" : {
      "type" : "string"
    },
    "FromAddress" : {
      "type" : "string"
    },
    "Enabled" : {
      "type" : "boolean"
    },
    "ApplicationId" : {
      "type" : "string"
    },
    "Identity" : {
      "type" : "string"
    },
    "RoleArn" : {
      "type" : "string"
    }
  },
  "required" : [ "FromAddress", "ApplicationId", "Identity" ],
  "createOnlyProperties" : [ "/properties/ApplicationId" ],
  "primaryIdentifier" : [ "/properties/Id" ],
  "readOnlyProperties" : [ "/properties/Id" ]
}