{
  "typeName" : "AWS::ElasticLoadBalancingV2::ListenerRule",
  "description" : "Resource Type definition for AWS::ElasticLoadBalancingV2::ListenerRule",
  "sourceUrl" : "https://github.com/aws-cloudformation/aws-cloudformation-resource-providers-elasticloadbalancingv2",
  "additionalProperties" : false,
  "properties" : {
    "ListenerArn" : {
      "type" : "string"
    },
    "RuleArn" : {
      "type" : "string"
    },
    "Actions" : {
      "type" : "array",
      "uniqueItems" : true,
      "insertionOrder" : false,
      "items" : {
        "$ref" : "#/definitions/Action"
      }
    },
    "Priority" : {
      "type" : "integer"
    },
    "Conditions" : {
      "type" : "array",
      "uniqueItems" : true,
      "insertionOrder" : false,
      "items" : {
        "$ref" : "#/definitions/RuleCondition"
      }
    },
    "IsDefault" : {
      "type" : "boolean"
    }
  },
  "definitions" : {
    "TargetGroupTuple" : {
      "type" : "object",
      "additionalProperties" : false,
      "properties" : {
        "TargetGroupArn" : {
          "type" : "string"
        },
        "Weight" : {
          "type" : "integer"
        }
      }
    },
    "Action" : {
      "type" : "object",
      "additionalProperties" : false,
      "properties" : {
        "Order" : {
          "type" : "integer"
        },
        "TargetGroupArn" : {
          "type" : "string"
        },
        "FixedResponseConfig" : {
          "$ref" : "#/definitions/FixedResponseConfig"
        },
        "AuthenticateCognitoConfig" : {
          "$ref" : "#/definitions/AuthenticateCognitoConfig"
        },
        "Type" : {
          "type" : "string"
        },
        "RedirectConfig" : {
          "$ref" : "#/definitions/RedirectConfig"
        },
        "ForwardConfig" : {
          "$ref" : "#/definitions/ForwardConfig"
        },
        "AuthenticateOidcConfig" : {
          "$ref" : "#/definitions/AuthenticateOidcConfig"
        }
      },
      "required" : [ "Type" ]
    },
    "RuleCondition" : {
      "type" : "object",
      "additionalProperties" : false,
      "properties" : {
        "Field" : {
          "type" : "string"
        },
        "Values" : {
          "type" : "array",
          "uniqueItems" : true,
          "insertionOrder" : false,
          "items" : {
            "type" : "string"
          }
        },
        "HttpRequestMethodConfig" : {
          "$ref" : "#/definitions/HttpRequestMethodConfig"
        },
        "PathPatternConfig" : {
          "$ref" : "#/definitions/PathPatternConfig"
        },
        "HttpHeaderConfig" : {
          "$ref" : "#/definitions/HttpHeaderConfig"
        },
        "SourceIpConfig" : {
          "$ref" : "#/definitions/SourceIpConfig"
        },
        "HostHeaderConfig" : {
          "$ref" : "#/definitions/HostHeaderConfig"
        },
        "QueryStringConfig" : {
          "$ref" : "#/definitions/QueryStringConfig"
        }
      }
    },
    "QueryStringConfig" : {
      "type" : "object",
      "additionalProperties" : false,
      "properties" : {
        "Values" : {
          "type" : "array",
          "uniqueItems" : true,
          "insertionOrder" : false,
          "items" : {
            "$ref" : "#/definitions/QueryStringKeyValue"
          }
        }
      }
    },
    "TargetGroupStickinessConfig" : {
      "type" : "object",
      "additionalProperties" : false,
      "properties" : {
        "Enabled" : {
          "type" : "boolean"
        },
        "DurationSeconds" : {
          "type" : "integer"
        }
      }
    },
    "PathPatternConfig" : {
      "type" : "object",
      "additionalProperties" : false,
      "properties" : {
        "Values" : {
          "type" : "array",
          "uniqueItems" : true,
          "insertionOrder" : false,
          "items" : {
            "type" : "string"
          }
        }
      }
    },
    "FixedResponseConfig" : {
      "type" : "object",
      "additionalProperties" : false,
      "properties" : {
        "ContentType" : {
          "type" : "string"
        },
        "StatusCode" : {
          "type" : "string"
        },
        "MessageBody" : {
          "type" : "string"
        }
      },
      "required" : [ "StatusCode" ]
    },
    "HttpHeaderConfig" : {
      "type" : "object",
      "additionalProperties" : false,
      "properties" : {
        "Values" : {
          "type" : "array",
          "uniqueItems" : true,
          "insertionOrder" : false,
          "items" : {
            "type" : "string"
          }
        },
        "HttpHeaderName" : {
          "type" : "string"
        }
      }
    },
    "AuthenticateCognitoConfig" : {
      "type" : "object",
      "additionalProperties" : false,
      "properties" : {
        "OnUnauthenticatedRequest" : {
          "type" : "string"
        },
        "UserPoolClientId" : {
          "type" : "string"
        },
        "UserPoolDomain" : {
          "type" : "string"
        },
        "SessionTimeout" : {
          "type" : "integer"
        },
        "Scope" : {
          "type" : "string"
        },
        "SessionCookieName" : {
          "type" : "string"
        },
        "UserPoolArn" : {
          "type" : "string"
        },
        "AuthenticationRequestExtraParams" : {
          "type" : "object",
          "additionalProperties" : false,
          "patternProperties" : {
            "[a-zA-Z0-9]+" : {
              "type" : "string"
            }
          }
        }
      },
      "required" : [ "UserPoolClientId", "UserPoolDomain", "UserPoolArn" ]
    },
    "RedirectConfig" : {
      "type" : "object",
      "additionalProperties" : false,
      "properties" : {
        "Path" : {
          "type" : "string"
        },
        "Query" : {
          "type" : "string"
        },
        "Port" : {
          "type" : "string"
        },
        "Host" : {
          "type" : "string"
        },
        "Protocol" : {
          "type" : "string"
        },
        "StatusCode" : {
          "type" : "string"
        }
      },
      "required" : [ "StatusCode" ]
    },
    "QueryStringKeyValue" : {
      "type" : "object",
      "additionalProperties" : false,
      "properties" : {
        "Value" : {
          "type" : "string"
        },
        "Key" : {
          "type" : "string"
        }
      }
    },
    "ForwardConfig" : {
      "type" : "object",
      "additionalProperties" : false,
      "properties" : {
        "TargetGroupStickinessConfig" : {
          "$ref" : "#/definitions/TargetGroupStickinessConfig"
        },
        "TargetGroups" : {
          "type" : "array",
          "uniqueItems" : true,
          "insertionOrder" : false,
          "items" : {
            "$ref" : "#/definitions/TargetGroupTuple"
          }
        }
      }
    },
    "HostHeaderConfig" : {
      "type" : "object",
      "additionalProperties" : false,
      "properties" : {
        "Values" : {
          "type" : "array",
          "uniqueItems" : true,
          "insertionOrder" : false,
          "items" : {
            "type" : "string"
          }
        }
      }
    },
    "HttpRequestMethodConfig" : {
      "type" : "object",
      "additionalProperties" : false,
      "properties" : {
        "Values" : {
          "type" : "array",
          "uniqueItems" : true,
          "insertionOrder" : false,
          "items" : {
            "type" : "string"
          }
        }
      }
    },
    "AuthenticateOidcConfig" : {
      "type" : "object",
      "additionalProperties" : false,
      "properties" : {
        "OnUnauthenticatedRequest" : {
          "type" : "string"
        },
        "TokenEndpoint" : {
          "type" : "string"
        },
        "SessionTimeout" : {
          "type" : "integer"
        },
        "Scope" : {
          "type" : "string"
        },
        "Issuer" : {
          "type" : "string"
        },
        "ClientSecret" : {
          "type" : "string"
        },
        "UserInfoEndpoint" : {
          "type" : "string"
        },
        "ClientId" : {
          "type" : "string"
        },
        "AuthorizationEndpoint" : {
          "type" : "string"
        },
        "SessionCookieName" : {
          "type" : "string"
        },
        "UseExistingClientSecret" : {
          "type" : "boolean"
        },
        "AuthenticationRequestExtraParams" : {
          "type" : "object",
          "additionalProperties" : false,
          "patternProperties" : {
            "[a-zA-Z0-9]+" : {
              "type" : "string"
            }
          }
        }
      },
      "required" : [ "TokenEndpoint", "Issuer", "UserInfoEndpoint", "ClientId", "AuthorizationEndpoint" ]
    },
    "SourceIpConfig" : {
      "type" : "object",
      "additionalProperties" : false,
      "properties" : {
        "Values" : {
          "type" : "array",
          "uniqueItems" : true,
          "insertionOrder" : false,
          "items" : {
            "type" : "string"
          }
        }
      }
    }
  },
  "required" : [ "Actions", "Priority", "Conditions" ],
  "createOnlyProperties" : [ "/properties/ListenerArn" ],
  "primaryIdentifier" : [ "/properties/RuleArn" ],
  "readOnlyProperties" : [ "/properties/RuleArn", "/properties/IsDefault" ],
  "writeOnlyProperties" : [ "/properties/Actions/*/AuthenticateOidcConfig/ClientSecret", "/properties/ListenerArn" ],
  "taggable" : false,
  "handlers" : {
    "create" : {
      "permissions" : [ "elasticloadbalancing:CreateRule", "elasticloadbalancing:DescribeRules", "cognito-idp:DescribeUserPoolClient" ]
    },
    "delete" : {
      "permissions" : [ "elasticloadbalancing:DeleteRule", "elasticloadbalancing:DescribeRules" ]
    },
    "list" : {
      "handlerSchema" : {
        "properties" : {
          "ListenerArn" : {
            "$ref" : "resource-schema.json#/properties/ListenerArn"
          },
          "RuleArns" : {
            "type" : "array",
            "uniqueItems" : false,
            "insertionOrder" : false,
            "items" : {
              "$ref" : "resource-schema.json#/properties/RuleArn"
            }
          }
        },
        "oneOf" : [ {
          "required" : [ "ListenerArn" ]
        }, {
          "required" : [ "RuleArns" ]
        } ]
      },
      "permissions" : [ "elasticloadbalancing:DescribeRules" ]
    },
    "read" : {
      "permissions" : [ "elasticloadbalancing:DescribeRules" ]
    },
    "update" : {
      "permissions" : [ "elasticloadbalancing:ModifyRule", "elasticloadbalancing:SetRulePriorities", "elasticloadbalancing:DescribeRules" ]
    }
  }
}