{
  "typeName" : "AWS::ServiceCatalog::PortfolioProductAssociation",
  "description" : "Resource Type definition for AWS::ServiceCatalog::PortfolioProductAssociation",
  "additionalProperties" : false,
  "properties" : {
    "Id" : {
      "type" : "string"
    },
    "SourcePortfolioId" : {
      "type" : "string"
    },
    "AcceptLanguage" : {
      "type" : "string"
    },
    "PortfolioId" : {
      "type" : "string"
    },
    "ProductId" : {
      "type" : "string"
    }
  },
  "required" : [ "PortfolioId", "ProductId" ],
  "createOnlyProperties" : [ "/properties/SourcePortfolioId", "/properties/PortfolioId", "/properties/AcceptLanguage", "/properties/ProductId" ],
  "primaryIdentifier" : [ "/properties/Id" ],
  "readOnlyProperties" : [ "/properties/Id" ]
}