{
  "typeName" : "AWS::QuickSight::DataSource",
  "description" : "Definition of the AWS::QuickSight::DataSource Resource Type.",
  "definitions" : {
    "AmazonElasticsearchParameters" : {
      "type" : "object",
      "description" : "<p>Amazon Elasticsearch Service parameters.</p>",
      "properties" : {
        "Domain" : {
          "type" : "string",
          "maxLength" : 64,
          "minLength" : 1,
          "description" : "<p>The Amazon Elasticsearch Service domain.</p>"
        }
      },
      "required" : [ "Domain" ]
    },
    "AmazonOpenSearchParameters" : {
      "type" : "object",
      "description" : "<p>Amazon OpenSearch Service parameters.</p>",
      "properties" : {
        "Domain" : {
          "type" : "string",
          "maxLength" : 64,
          "minLength" : 1,
          "description" : "<p>The Amazon OpenSearch Service domain.</p>"
        }
      },
      "required" : [ "Domain" ]
    },
    "AthenaParameters" : {
      "type" : "object",
      "description" : "<p>Amazon Athena parameters.</p>",
      "properties" : {
        "WorkGroup" : {
          "type" : "string",
          "maxLength" : 128,
          "minLength" : 1,
          "description" : "<p>The workgroup that Amazon Athena uses.</p>"
        },
        "RoleArn" : {
          "type" : "string",
          "maxLength" : 2048,
          "minLength" : 20,
          "description" : "<p>Use the <code>RoleArn</code> structure to override an account-wide role for a specific Athena data source. For example, say an account administrator has turned off all Athena access with an account-wide role. The administrator can then use <code>RoleArn</code> to bypass the account-wide role and allow Athena access for the single Athena data source that is specified in the structure, even if the account-wide role forbidding Athena access is still active.</p>"
        }
      }
    },
    "AuroraParameters" : {
      "type" : "object",
      "description" : "<p>Amazon Aurora parameters.</p>",
      "properties" : {
        "Port" : {
          "type" : "number",
          "maximum" : 65535,
          "minimum" : 1,
          "description" : "<p>Port.</p>"
        },
        "Database" : {
          "type" : "string",
          "maxLength" : 128,
          "minLength" : 1,
          "description" : "<p>Database.</p>"
        },
        "Host" : {
          "type" : "string",
          "maxLength" : 256,
          "minLength" : 1,
          "description" : "<p>Host.</p>"
        }
      },
      "required" : [ "Database", "Host", "Port" ]
    },
    "AuroraPostgreSqlParameters" : {
      "type" : "object",
      "description" : "<p>Amazon Aurora with PostgreSQL compatibility parameters.</p>",
      "properties" : {
        "Port" : {
          "type" : "number",
          "maximum" : 65535,
          "minimum" : 1,
          "description" : "<p>Port.</p>"
        },
        "Database" : {
          "type" : "string",
          "maxLength" : 128,
          "minLength" : 1,
          "description" : "<p>Database.</p>"
        },
        "Host" : {
          "type" : "string",
          "maxLength" : 256,
          "minLength" : 1,
          "description" : "<p>Host.</p>"
        }
      },
      "required" : [ "Database", "Host", "Port" ]
    },
    "AwsIotAnalyticsParameters" : {
      "type" : "object",
      "description" : "<p>AWS IoT Analytics parameters.</p>",
      "properties" : {
        "DataSetName" : {
          "type" : "string",
          "maxLength" : 128,
          "minLength" : 1,
          "description" : "<p>Dataset name.</p>"
        }
      },
      "required" : [ "DataSetName" ]
    },
    "CredentialPair" : {
      "type" : "object",
      "description" : "<p>The combination of user name and password that are used as credentials.</p>",
      "properties" : {
        "AlternateDataSourceParameters" : {
          "type" : "array",
          "items" : {
            "$ref" : "#/definitions/DataSourceParameters"
          },
          "maxItems" : 50,
          "minItems" : 1,
          "description" : "<p>A set of alternate data source parameters that you want to share for these\n            credentials. The credentials are applied in tandem with the data source parameters when\n            you copy a data source by using a create or update request. The API operation compares\n            the <code>DataSourceParameters</code> structure that's in the request with the\n            structures in the <code>AlternateDataSourceParameters</code> allow list. If the\n            structures are an exact match, the request is allowed to use the new data source with\n            the existing credentials. If the <code>AlternateDataSourceParameters</code> list is\n            null, the <code>DataSourceParameters</code> originally used with these\n                <code>Credentials</code> is automatically allowed.</p>"
        },
        "Username" : {
          "type" : "string",
          "maxLength" : 64,
          "minLength" : 1,
          "description" : "<p>User name.</p>"
        },
        "Password" : {
          "type" : "string",
          "maxLength" : 1024,
          "minLength" : 1,
          "description" : "<p>Password.</p>"
        }
      },
      "required" : [ "Password", "Username" ]
    },
    "DatabricksParameters" : {
      "type" : "object",
      "description" : "<p>Databricks parameters.</p>",
      "properties" : {
        "Host" : {
          "type" : "string",
          "maxLength" : 256,
          "minLength" : 1,
          "description" : "<p>Host.</p>"
        },
        "Port" : {
          "type" : "number",
          "maximum" : 65535,
          "minimum" : 1,
          "description" : "<p>Port.</p>"
        },
        "SqlEndpointPath" : {
          "type" : "string",
          "maxLength" : 4096,
          "minLength" : 1,
          "description" : "<p>The HTTP Path of the Databricks data source.</p>"
        }
      },
      "required" : [ "Host", "Port", "SqlEndpointPath" ]
    },
    "DataSourceCredentials" : {
      "type" : "object",
      "description" : "<p>Data source credentials. This is a variant type structure. For this structure to be\n            valid, only one of the attributes can be non-null.</p>",
      "properties" : {
        "CopySourceArn" : {
          "type" : "string",
          "pattern" : "^arn:[-a-z0-9]*:quicksight:[-a-z0-9]*:[0-9]{12}:datasource/.+",
          "description" : "<p>The Amazon Resource Name (ARN) of a data source that has the credential pair that you\n            want to use. When <code>CopySourceArn</code> is not null, the credential pair from the\n            data source in the ARN is used as the credentials for the\n            <code>DataSourceCredentials</code> structure.</p>"
        },
        "CredentialPair" : {
          "$ref" : "#/definitions/CredentialPair"
        },
        "SecretArn" : {
          "type" : "string",
          "pattern" : "^arn:[-a-z0-9]*:secretsmanager:[-a-z0-9]*:[0-9]{12}:secret:.+",
          "maxLength" : 2048,
          "minLength" : 1,
          "description" : "<p>The Amazon Resource Name (ARN) of the secret associated with the data source in Amazon Secrets Manager.</p>"
        }
      }
    },
    "DataSourceErrorInfo" : {
      "type" : "object",
      "description" : "<p>Error information for the data source creation or update.</p>",
      "properties" : {
        "Type" : {
          "$ref" : "#/definitions/DataSourceErrorInfoType"
        },
        "Message" : {
          "type" : "string",
          "description" : "<p>Error message.</p>"
        }
      }
    },
    "DataSourceErrorInfoType" : {
      "type" : "string",
      "enum" : [ "ACCESS_DENIED", "COPY_SOURCE_NOT_FOUND", "TIMEOUT", "ENGINE_VERSION_NOT_SUPPORTED", "UNKNOWN_HOST", "GENERIC_SQL_FAILURE", "CONFLICT", "UNKNOWN" ]
    },
    "DataSourceParameters" : {
      "type" : "object",
      "description" : "<p>The parameters that Amazon QuickSight uses to connect to your underlying data source.\n            This is a variant type structure. For this structure to be valid, only one of the\n            attributes can be non-null.</p>",
      "properties" : {
        "AuroraPostgreSqlParameters" : {
          "$ref" : "#/definitions/AuroraPostgreSqlParameters"
        },
        "TeradataParameters" : {
          "$ref" : "#/definitions/TeradataParameters"
        },
        "RdsParameters" : {
          "$ref" : "#/definitions/RdsParameters"
        },
        "AthenaParameters" : {
          "$ref" : "#/definitions/AthenaParameters"
        },
        "SparkParameters" : {
          "$ref" : "#/definitions/SparkParameters"
        },
        "MariaDbParameters" : {
          "$ref" : "#/definitions/MariaDbParameters"
        },
        "OracleParameters" : {
          "$ref" : "#/definitions/OracleParameters"
        },
        "PrestoParameters" : {
          "$ref" : "#/definitions/PrestoParameters"
        },
        "RedshiftParameters" : {
          "$ref" : "#/definitions/RedshiftParameters"
        },
        "MySqlParameters" : {
          "$ref" : "#/definitions/MySqlParameters"
        },
        "SqlServerParameters" : {
          "$ref" : "#/definitions/SqlServerParameters"
        },
        "SnowflakeParameters" : {
          "$ref" : "#/definitions/SnowflakeParameters"
        },
        "AmazonElasticsearchParameters" : {
          "$ref" : "#/definitions/AmazonElasticsearchParameters"
        },
        "AmazonOpenSearchParameters" : {
          "$ref" : "#/definitions/AmazonOpenSearchParameters"
        },
        "PostgreSqlParameters" : {
          "$ref" : "#/definitions/PostgreSqlParameters"
        },
        "AuroraParameters" : {
          "$ref" : "#/definitions/AuroraParameters"
        },
        "S3Parameters" : {
          "$ref" : "#/definitions/S3Parameters"
        },
        "DatabricksParameters" : {
          "$ref" : "#/definitions/DatabricksParameters"
        },
        "StarburstParameters" : {
          "$ref" : "#/definitions/StarburstParameters"
        },
        "TrinoParameters" : {
          "$ref" : "#/definitions/TrinoParameters"
        }
      }
    },
    "DataSourceType" : {
      "type" : "string",
      "enum" : [ "ADOBE_ANALYTICS", "AMAZON_ELASTICSEARCH", "AMAZON_OPENSEARCH", "ATHENA", "AURORA", "AURORA_POSTGRESQL", "AWS_IOT_ANALYTICS", "DATABRICKS", "GITHUB", "JIRA", "MARIADB", "MYSQL", "ORACLE", "POSTGRESQL", "PRESTO", "REDSHIFT", "S3", "SALESFORCE", "SERVICENOW", "SNOWFLAKE", "SPARK", "SQLSERVER", "TERADATA", "TWITTER", "TIMESTREAM", "STARBURST", "TRINO" ]
    },
    "ManifestFileLocation" : {
      "type" : "object",
      "description" : "<p>Amazon S3 manifest file location.</p>",
      "properties" : {
        "Bucket" : {
          "type" : "string",
          "maxLength" : 1024,
          "minLength" : 1,
          "description" : "<p>Amazon S3 bucket.</p>"
        },
        "Key" : {
          "type" : "string",
          "maxLength" : 1024,
          "minLength" : 1,
          "description" : "<p>Amazon S3 key that identifies an object.</p>"
        }
      },
      "required" : [ "Bucket", "Key" ]
    },
    "MariaDbParameters" : {
      "type" : "object",
      "description" : "<p>MariaDB parameters.</p>",
      "properties" : {
        "Port" : {
          "type" : "number",
          "maximum" : 65535,
          "minimum" : 1,
          "description" : "<p>Port.</p>"
        },
        "Database" : {
          "type" : "string",
          "maxLength" : 128,
          "minLength" : 1,
          "description" : "<p>Database.</p>"
        },
        "Host" : {
          "type" : "string",
          "maxLength" : 256,
          "minLength" : 1,
          "description" : "<p>Host.</p>"
        }
      },
      "required" : [ "Database", "Host", "Port" ]
    },
    "MySqlParameters" : {
      "type" : "object",
      "description" : "<p>MySQL parameters.</p>",
      "properties" : {
        "Port" : {
          "type" : "number",
          "maximum" : 65535,
          "minimum" : 1,
          "description" : "<p>Port.</p>"
        },
        "Database" : {
          "type" : "string",
          "maxLength" : 128,
          "minLength" : 1,
          "description" : "<p>Database.</p>"
        },
        "Host" : {
          "type" : "string",
          "maxLength" : 256,
          "minLength" : 1,
          "description" : "<p>Host.</p>"
        }
      },
      "required" : [ "Database", "Host", "Port" ]
    },
    "OracleParameters" : {
      "type" : "object",
      "properties" : {
        "Port" : {
          "type" : "number",
          "maximum" : 65535,
          "minimum" : 1
        },
        "Database" : {
          "type" : "string",
          "maxLength" : 128,
          "minLength" : 1
        },
        "Host" : {
          "type" : "string",
          "maxLength" : 256,
          "minLength" : 1
        }
      },
      "required" : [ "Database", "Host", "Port" ]
    },
    "PostgreSqlParameters" : {
      "type" : "object",
      "description" : "<p>PostgreSQL parameters.</p>",
      "properties" : {
        "Port" : {
          "type" : "number",
          "maximum" : 65535,
          "minimum" : 1,
          "description" : "<p>Port.</p>"
        },
        "Database" : {
          "type" : "string",
          "maxLength" : 128,
          "minLength" : 1,
          "description" : "<p>Database.</p>"
        },
        "Host" : {
          "type" : "string",
          "maxLength" : 256,
          "minLength" : 1,
          "description" : "<p>Host.</p>"
        }
      },
      "required" : [ "Database", "Host", "Port" ]
    },
    "PrestoParameters" : {
      "type" : "object",
      "description" : "<p>Presto parameters.</p>",
      "properties" : {
        "Port" : {
          "type" : "number",
          "maximum" : 65535,
          "minimum" : 1,
          "description" : "<p>Port.</p>"
        },
        "Host" : {
          "type" : "string",
          "maxLength" : 256,
          "minLength" : 1,
          "description" : "<p>Host.</p>"
        },
        "Catalog" : {
          "type" : "string",
          "maxLength" : 128,
          "minLength" : 0,
          "description" : "<p>Catalog.</p>"
        }
      },
      "required" : [ "Catalog", "Host", "Port" ]
    },
    "RdsParameters" : {
      "type" : "object",
      "description" : "<p>Amazon RDS parameters.</p>",
      "properties" : {
        "InstanceId" : {
          "type" : "string",
          "maxLength" : 64,
          "minLength" : 1,
          "description" : "<p>Instance ID.</p>"
        },
        "Database" : {
          "type" : "string",
          "maxLength" : 128,
          "minLength" : 1,
          "description" : "<p>Database.</p>"
        }
      },
      "required" : [ "Database", "InstanceId" ]
    },
    "RedshiftParameters" : {
      "type" : "object",
      "description" : "<p>Amazon Redshift parameters. The <code>ClusterId</code> field can be blank if\n            <code>Host</code> and <code>Port</code> are both set. The <code>Host</code> and\n            <code>Port</code> fields can be blank if the <code>ClusterId</code> field is set.</p>",
      "properties" : {
        "ClusterId" : {
          "type" : "string",
          "maxLength" : 64,
          "minLength" : 1,
          "description" : "<p>Cluster ID. This field can be blank if the <code>Host</code> and <code>Port</code> are\n            provided.</p>"
        },
        "Port" : {
          "type" : "number",
          "maximum" : 65535,
          "minimum" : 0,
          "description" : "<p>Port. This field can be blank if the <code>ClusterId</code> is provided.</p>"
        },
        "Database" : {
          "type" : "string",
          "maxLength" : 128,
          "minLength" : 1,
          "description" : "<p>Database.</p>"
        },
        "Host" : {
          "type" : "string",
          "maxLength" : 256,
          "minLength" : 1,
          "description" : "<p>Host. This field can be blank if <code>ClusterId</code> is provided.</p>"
        }
      },
      "required" : [ "Database" ]
    },
    "ResourcePermission" : {
      "type" : "object",
      "description" : "<p>Permission for the resource.</p>",
      "properties" : {
        "Actions" : {
          "type" : "array",
          "items" : {
            "type" : "string"
          },
          "maxItems" : 20,
          "minItems" : 1,
          "description" : "<p>The IAM action to grant or revoke permissions on.</p>"
        },
        "Principal" : {
          "type" : "string",
          "maxLength" : 256,
          "minLength" : 1,
          "description" : "<p>The Amazon Resource Name (ARN) of the principal. This can be one of the\n            following:</p>\n        <ul>\n            <li>\n                <p>The ARN of an Amazon QuickSight user or group associated with a data source or dataset. (This is common.)</p>\n            </li>\n            <li>\n                <p>The ARN of an Amazon QuickSight user, group, or namespace associated with an analysis, dashboard, template, or theme. (This is common.)</p>\n            </li>\n            <li>\n                <p>The ARN of an AWS account root: This is an IAM ARN rather than a QuickSight\n                    ARN. Use this option only to share resources (templates) across AWS accounts.\n                    (This is less common.) </p>\n            </li>\n         </ul>"
        }
      },
      "required" : [ "Actions", "Principal" ]
    },
    "ResourceStatus" : {
      "type" : "string",
      "enum" : [ "CREATION_IN_PROGRESS", "CREATION_SUCCESSFUL", "CREATION_FAILED", "UPDATE_IN_PROGRESS", "UPDATE_SUCCESSFUL", "UPDATE_FAILED", "DELETED" ]
    },
    "S3Parameters" : {
      "type" : "object",
      "description" : "<p>S3 parameters.</p>",
      "properties" : {
        "ManifestFileLocation" : {
          "$ref" : "#/definitions/ManifestFileLocation"
        },
        "RoleArn" : {
          "type" : "string",
          "maxLength" : 2048,
          "minLength" : 20,
          "description" : "<p>Use the <code>RoleArn</code> structure to override an account-wide role for a specific S3 data source. For example, say an account administrator has turned off all S3 access with an account-wide role. The administrator can then use <code>RoleArn</code> to bypass the account-wide role and allow S3 access for the single S3 data source that is specified in the structure, even if the account-wide role forbidding S3 access is still active.</p>"
        }
      },
      "required" : [ "ManifestFileLocation" ]
    },
    "SnowflakeParameters" : {
      "type" : "object",
      "description" : "<p>Snowflake parameters.</p>",
      "properties" : {
        "Warehouse" : {
          "type" : "string",
          "maxLength" : 128,
          "minLength" : 0,
          "description" : "<p>Warehouse.</p>"
        },
        "Database" : {
          "type" : "string",
          "maxLength" : 128,
          "minLength" : 1,
          "description" : "<p>Database.</p>"
        },
        "Host" : {
          "type" : "string",
          "maxLength" : 256,
          "minLength" : 1,
          "description" : "<p>Host.</p>"
        }
      },
      "required" : [ "Database", "Host", "Warehouse" ]
    },
    "StarburstParameters" : {
      "type" : "object",
      "description" : "<p>Starburst parameters.</p>",
      "properties" : {
        "Host" : {
          "type" : "string",
          "maxLength" : 256,
          "minLength" : 1,
          "description" : "<p>Host.</p>"
        },
        "Port" : {
          "type" : "number",
          "maximum" : 65535,
          "minimum" : 1,
          "description" : "<p>Port.</p>"
        },
        "Catalog" : {
          "type" : "string",
          "maxLength" : 128,
          "minLength" : 0,
          "description" : "<p>Catalog.</p>"
        },
        "ProductType" : {
          "$ref" : "#/definitions/StarburstProductType"
        }
      },
      "required" : [ "Host", "Port", "Catalog" ]
    },
    "StarburstProductType" : {
      "type" : "string",
      "enum" : [ "GALAXY", "ENTERPRISE" ]
    },
    "TrinoParameters" : {
      "type" : "object",
      "description" : "<p>Trino parameters.</p>",
      "properties" : {
        "Host" : {
          "type" : "string",
          "maxLength" : 256,
          "minLength" : 1,
          "description" : "<p>Host.</p>"
        },
        "Port" : {
          "type" : "number",
          "maximum" : 65535,
          "minimum" : 1,
          "description" : "<p>Port.</p>"
        },
        "Catalog" : {
          "type" : "string",
          "maxLength" : 128,
          "minLength" : 0,
          "description" : "<p>Catalog.</p>"
        }
      },
      "required" : [ "Host", "Port", "Catalog" ]
    },
    "SparkParameters" : {
      "type" : "object",
      "description" : "<p>Spark parameters.</p>",
      "properties" : {
        "Port" : {
          "type" : "number",
          "maximum" : 65535,
          "minimum" : 1,
          "description" : "<p>Port.</p>"
        },
        "Host" : {
          "type" : "string",
          "maxLength" : 256,
          "minLength" : 1,
          "description" : "<p>Host.</p>"
        }
      },
      "required" : [ "Host", "Port" ]
    },
    "SqlServerParameters" : {
      "type" : "object",
      "description" : "<p>SQL Server parameters.</p>",
      "properties" : {
        "Port" : {
          "type" : "number",
          "maximum" : 65535,
          "minimum" : 1,
          "description" : "<p>Port.</p>"
        },
        "Database" : {
          "type" : "string",
          "maxLength" : 128,
          "minLength" : 1,
          "description" : "<p>Database.</p>"
        },
        "Host" : {
          "type" : "string",
          "maxLength" : 256,
          "minLength" : 1,
          "description" : "<p>Host.</p>"
        }
      },
      "required" : [ "Database", "Host", "Port" ]
    },
    "SslProperties" : {
      "type" : "object",
      "description" : "<p>Secure Socket Layer (SSL) properties that apply when QuickSight connects to your\n            underlying data source.</p>",
      "properties" : {
        "DisableSsl" : {
          "type" : "boolean",
          "description" : "<p>A Boolean option to control whether SSL should be disabled.</p>"
        }
      }
    },
    "Tag" : {
      "type" : "object",
      "description" : "<p>The key or keys of the key-value pairs for the resource tag or tags assigned to the\n            resource.</p>",
      "properties" : {
        "Value" : {
          "type" : "string",
          "maxLength" : 256,
          "minLength" : 1,
          "description" : "<p>Tag value.</p>"
        },
        "Key" : {
          "type" : "string",
          "maxLength" : 128,
          "minLength" : 1,
          "description" : "<p>Tag key.</p>"
        }
      },
      "required" : [ "Key", "Value" ]
    },
    "TeradataParameters" : {
      "type" : "object",
      "description" : "<p>Teradata parameters.</p>",
      "properties" : {
        "Port" : {
          "type" : "number",
          "maximum" : 65535,
          "minimum" : 1,
          "description" : "<p>Port.</p>"
        },
        "Database" : {
          "type" : "string",
          "maxLength" : 128,
          "minLength" : 1,
          "description" : "<p>Database.</p>"
        },
        "Host" : {
          "type" : "string",
          "maxLength" : 256,
          "minLength" : 1,
          "description" : "<p>Host.</p>"
        }
      },
      "required" : [ "Database", "Host", "Port" ]
    },
    "VpcConnectionProperties" : {
      "type" : "object",
      "description" : "<p>VPC connection properties.</p>",
      "properties" : {
        "VpcConnectionArn" : {
          "type" : "string",
          "description" : "<p>The Amazon Resource Name (ARN) for the VPC connection.</p>"
        }
      },
      "required" : [ "VpcConnectionArn" ]
    }
  },
  "properties" : {
    "AlternateDataSourceParameters" : {
      "type" : "array",
      "items" : {
        "$ref" : "#/definitions/DataSourceParameters"
      },
      "maxItems" : 50,
      "minItems" : 1,
      "description" : "<p>A set of alternate data source parameters that you want to share for the credentials\n            stored with this data source. The credentials are applied in tandem with the data source\n            parameters when you copy a data source by using a create or update request. The API\n            operation compares the <code>DataSourceParameters</code> structure that's in the request\n            with the structures in the <code>AlternateDataSourceParameters</code> allow list. If the\n            structures are an exact match, the request is allowed to use the credentials from this\n            existing data source. If the <code>AlternateDataSourceParameters</code> list is null,\n            the <code>Credentials</code> originally used with this <code>DataSourceParameters</code>\n            are automatically allowed.</p>"
    },
    "Arn" : {
      "type" : "string",
      "description" : "<p>The Amazon Resource Name (ARN) of the data source.</p>"
    },
    "AwsAccountId" : {
      "type" : "string",
      "maxLength" : 12,
      "minLength" : 12,
      "pattern" : "^[0-9]{12}$"
    },
    "CreatedTime" : {
      "type" : "string",
      "description" : "<p>The time that this data source was created.</p>",
      "format" : "date-time"
    },
    "Credentials" : {
      "$ref" : "#/definitions/DataSourceCredentials"
    },
    "DataSourceId" : {
      "type" : "string"
    },
    "DataSourceParameters" : {
      "$ref" : "#/definitions/DataSourceParameters"
    },
    "ErrorInfo" : {
      "$ref" : "#/definitions/DataSourceErrorInfo"
    },
    "LastUpdatedTime" : {
      "type" : "string",
      "description" : "<p>The last time that this data source was updated.</p>",
      "format" : "date-time"
    },
    "Name" : {
      "type" : "string",
      "maxLength" : 128,
      "minLength" : 1,
      "description" : "<p>A display name for the data source.</p>"
    },
    "Permissions" : {
      "type" : "array",
      "items" : {
        "$ref" : "#/definitions/ResourcePermission"
      },
      "maxItems" : 64,
      "minItems" : 1,
      "description" : "<p>A list of resource permissions on the data source.</p>"
    },
    "SslProperties" : {
      "$ref" : "#/definitions/SslProperties"
    },
    "Status" : {
      "$ref" : "#/definitions/ResourceStatus"
    },
    "Tags" : {
      "type" : "array",
      "items" : {
        "$ref" : "#/definitions/Tag"
      },
      "maxItems" : 200,
      "minItems" : 1,
      "description" : "<p>Contains a map of the key-value pairs for the resource tag or tags assigned to the data source.</p>"
    },
    "Type" : {
      "$ref" : "#/definitions/DataSourceType"
    },
    "VpcConnectionProperties" : {
      "$ref" : "#/definitions/VpcConnectionProperties"
    }
  },
  "readOnlyProperties" : [ "/properties/Arn", "/properties/CreatedTime", "/properties/LastUpdatedTime", "/properties/Status" ],
  "writeOnlyProperties" : [ "/properties/Credentials" ],
  "createOnlyProperties" : [ "/properties/AwsAccountId", "/properties/DataSourceId", "/properties/Type" ],
  "primaryIdentifier" : [ "/properties/AwsAccountId", "/properties/DataSourceId" ],
  "additionalProperties" : false,
  "handlers" : {
    "create" : {
      "permissions" : [ "quicksight:CreateDataSource", "quicksight:DescribeDataSource", "quicksight:DescribeDataSourcePermissions", "quicksight:TagResource", "quicksight:ListTagsForResource" ]
    },
    "read" : {
      "permissions" : [ "quicksight:DescribeDataSource", "quicksight:DescribeDataSourcePermissions", "quicksight:ListTagsForResource" ]
    },
    "update" : {
      "permissions" : [ "quicksight:DescribeDataSource", "quicksight:DescribeDataSourcePermissions", "quicksight:UpdateDataSource", "quicksight:UpdateDataSourcePermissions", "quicksight:TagResource", "quicksight:UntagResource", "quicksight:ListTagsForResource" ]
    },
    "delete" : {
      "permissions" : [ "quicksight:DescribeDataSource", "quicksight:DescribeDataSourcePermissions", "quicksight:DeleteDataSource", "quicksight:ListTagsForResource" ]
    },
    "list" : {
      "permissions" : [ "quicksight:DescribeDataSource", "quicksight:ListDataSources" ]
    }
  }
}