{
  "typeName" : "AWS::ECR::Repository",
  "description" : "The AWS::ECR::Repository resource specifies an Amazon Elastic Container Registry (Amazon ECR) repository, where users can push and pull Docker images. For more information, see https://docs.aws.amazon.com/AmazonECR/latest/userguide/Repositories.html",
  "sourceUrl" : "https://github.com/aws-cloudformation/aws-cloudformation-resource-providers-ecr.git",
  "definitions" : {
    "LifecyclePolicy" : {
      "type" : "object",
      "description" : "The LifecyclePolicy property type specifies a lifecycle policy. For information about lifecycle policy syntax, see https://docs.aws.amazon.com/AmazonECR/latest/userguide/LifecyclePolicies.html",
      "properties" : {
        "LifecyclePolicyText" : {
          "$ref" : "#/definitions/LifecyclePolicyText"
        },
        "RegistryId" : {
          "$ref" : "#/definitions/RegistryId"
        }
      },
      "additionalProperties" : false
    },
    "LifecyclePolicyText" : {
      "type" : "string",
      "description" : "The JSON repository policy text to apply to the repository.",
      "minLength" : 100,
      "maxLength" : 30720
    },
    "RegistryId" : {
      "type" : "string",
      "description" : "The AWS account ID associated with the registry that contains the repository. If you do not specify a registry, the default registry is assumed. ",
      "minLength" : 12,
      "maxLength" : 12,
      "pattern" : "^[0-9]{12}$"
    },
    "Tag" : {
      "description" : "A key-value pair to associate with a resource.",
      "type" : "object",
      "properties" : {
        "Key" : {
          "type" : "string",
          "description" : "The key name of the tag. You can specify a value that is 1 to 127 Unicode characters in length and cannot be prefixed with aws:. You can use any of the following characters: the set of Unicode letters, digits, whitespace, _, ., /, =, +, and -. ",
          "minLength" : 1,
          "maxLength" : 127
        },
        "Value" : {
          "type" : "string",
          "description" : "The value for the tag. You can specify a value that is 1 to 255 Unicode characters in length and cannot be prefixed with aws:. You can use any of the following characters: the set of Unicode letters, digits, whitespace, _, ., /, =, +, and -. ",
          "minLength" : 1,
          "maxLength" : 255
        }
      },
      "required" : [ "Value", "Key" ],
      "additionalProperties" : false
    },
    "ImageScanningConfiguration" : {
      "type" : "object",
      "description" : "The image scanning configuration for the repository. This setting determines whether images are scanned for known vulnerabilities after being pushed to the repository.",
      "properties" : {
        "ScanOnPush" : {
          "$ref" : "#/definitions/ScanOnPush"
        }
      },
      "additionalProperties" : false
    },
    "ScanOnPush" : {
      "type" : "boolean",
      "description" : "The setting that determines whether images are scanned after being pushed to a repository."
    },
    "EncryptionConfiguration" : {
      "type" : "object",
      "description" : "The encryption configuration for the repository. This determines how the contents of your repository are encrypted at rest.\n\nBy default, when no encryption configuration is set or the AES256 encryption type is used, Amazon ECR uses server-side encryption with Amazon S3-managed encryption keys which encrypts your data at rest using an AES-256 encryption algorithm. This does not require any action on your part.\n\nFor more information, see https://docs.aws.amazon.com/AmazonECR/latest/userguide/encryption-at-rest.html",
      "properties" : {
        "EncryptionType" : {
          "$ref" : "#/definitions/EncryptionType"
        },
        "KmsKey" : {
          "$ref" : "#/definitions/KmsKey"
        }
      },
      "required" : [ "EncryptionType" ],
      "additionalProperties" : false
    },
    "EncryptionType" : {
      "type" : "string",
      "description" : "The encryption type to use.",
      "enum" : [ "AES256", "KMS" ]
    },
    "KmsKey" : {
      "type" : "string",
      "description" : "If you use the KMS encryption type, specify the CMK to use for encryption. The alias, key ID, or full ARN of the CMK can be specified. The key must exist in the same Region as the repository. If no key is specified, the default AWS managed CMK for Amazon ECR will be used.",
      "minLength" : 1,
      "maxLength" : 2048
    },
    "EmptyOnDelete" : {
      "type" : "boolean",
      "description" : "If true, deleting the repository force deletes the contents of the repository. Without a force delete, you can only delete empty repositories."
    }
  },
  "properties" : {
    "EmptyOnDelete" : {
      "$ref" : "#/definitions/EmptyOnDelete"
    },
    "LifecyclePolicy" : {
      "$ref" : "#/definitions/LifecyclePolicy"
    },
    "RepositoryName" : {
      "type" : "string",
      "description" : "The name to use for the repository. The repository name may be specified on its own (such as nginx-web-app) or it can be prepended with a namespace to group the repository into a category (such as project-a/nginx-web-app). If you don't specify a name, AWS CloudFormation generates a unique physical ID and uses that ID for the repository name. For more information, see https://docs.aws.amazon.com/AWSCloudFormation/latest/UserGuide/aws-properties-name.html.",
      "minLength" : 2,
      "maxLength" : 256,
      "pattern" : "^(?=.{2,256}$)((?:[a-z0-9]+(?:[._-][a-z0-9]+)*/)*[a-z0-9]+(?:[._-][a-z0-9]+)*)$"
    },
    "RepositoryPolicyText" : {
      "type" : [ "object", "string" ],
      "description" : "The JSON repository policy text to apply to the repository. For more information, see https://docs.aws.amazon.com/AmazonECR/latest/userguide/RepositoryPolicyExamples.html in the Amazon Elastic Container Registry User Guide. "
    },
    "Tags" : {
      "type" : "array",
      "maxItems" : 50,
      "uniqueItems" : true,
      "insertionOrder" : false,
      "description" : "An array of key-value pairs to apply to this resource.",
      "items" : {
        "$ref" : "#/definitions/Tag"
      }
    },
    "Arn" : {
      "type" : "string"
    },
    "RepositoryUri" : {
      "type" : "string"
    },
    "ImageTagMutability" : {
      "type" : "string",
      "description" : "The image tag mutability setting for the repository.",
      "enum" : [ "MUTABLE", "IMMUTABLE" ]
    },
    "ImageScanningConfiguration" : {
      "$ref" : "#/definitions/ImageScanningConfiguration"
    },
    "EncryptionConfiguration" : {
      "$ref" : "#/definitions/EncryptionConfiguration"
    }
  },
  "createOnlyProperties" : [ "/properties/RepositoryName", "/properties/EncryptionConfiguration", "/properties/EncryptionConfiguration/EncryptionType", "/properties/EncryptionConfiguration/KmsKey" ],
  "readOnlyProperties" : [ "/properties/Arn", "/properties/RepositoryUri" ],
  "writeOnlyProperties" : [ "/properties/EmptyOnDelete" ],
  "primaryIdentifier" : [ "/properties/RepositoryName" ],
  "handlers" : {
    "create" : {
      "permissions" : [ "ecr:CreateRepository", "ecr:PutLifecyclePolicy", "ecr:SetRepositoryPolicy", "ecr:TagResource", "kms:DescribeKey", "kms:CreateGrant", "kms:RetireGrant" ]
    },
    "read" : {
      "permissions" : [ "ecr:DescribeRepositories", "ecr:GetLifecyclePolicy", "ecr:GetRepositoryPolicy", "ecr:ListTagsForResource" ]
    },
    "update" : {
      "permissions" : [ "ecr:DescribeRepositories", "ecr:PutLifecyclePolicy", "ecr:SetRepositoryPolicy", "ecr:ListTagsForResource", "ecr:TagResource", "ecr:UntagResource", "ecr:DeleteLifecyclePolicy", "ecr:DeleteRepositoryPolicy", "ecr:PutImageScanningConfiguration", "ecr:PutImageTagMutability", "kms:DescribeKey", "kms:CreateGrant", "kms:RetireGrant" ]
    },
    "delete" : {
      "permissions" : [ "ecr:DeleteRepository", "kms:RetireGrant" ]
    },
    "list" : {
      "permissions" : [ "ecr:DescribeRepositories" ]
    }
  },
  "additionalProperties" : false
}