{
  "typeName" : "AWS::MediaPackageV2::Channel",
  "description" : "Definition of AWS::MediaPackageV2::Channel Resource Type",
  "definitions" : {
    "IngestEndpoint" : {
      "type" : "object",
      "properties" : {
        "Id" : {
          "type" : "string"
        },
        "Url" : {
          "type" : "string"
        }
      },
      "additionalProperties" : false
    },
    "Tag" : {
      "type" : "object",
      "properties" : {
        "Key" : {
          "type" : "string"
        },
        "Value" : {
          "type" : "string"
        }
      },
      "additionalProperties" : false
    }
  },
  "properties" : {
    "Arn" : {
      "type" : "string"
    },
    "ChannelGroupName" : {
      "type" : "string",
      "maxLength" : 256,
      "minLength" : 1,
      "pattern" : "^[a-zA-Z0-9_-]+$"
    },
    "ChannelName" : {
      "type" : "string",
      "maxLength" : 256,
      "minLength" : 1,
      "pattern" : "^[a-zA-Z0-9_-]+$"
    },
    "CreatedAt" : {
      "type" : "string",
      "format" : "date-time"
    },
    "Description" : {
      "type" : "string",
      "maxLength" : 1024,
      "minLength" : 0
    },
    "IngestEndpoints" : {
      "type" : "array",
      "items" : {
        "$ref" : "#/definitions/IngestEndpoint"
      }
    },
    "ModifiedAt" : {
      "type" : "string",
      "format" : "date-time"
    },
    "Tags" : {
      "type" : "array",
      "insertionOrder" : false,
      "items" : {
        "$ref" : "#/definitions/Tag"
      }
    }
  },
  "readOnlyProperties" : [ "/properties/Arn", "/properties/CreatedAt", "/properties/IngestEndpoints", "/properties/ModifiedAt" ],
  "createOnlyProperties" : [ "/properties/ChannelGroupName", "/properties/ChannelName" ],
  "primaryIdentifier" : [ "/properties/Arn" ],
  "handlers" : {
    "create" : {
      "permissions" : [ "mediapackagev2:TagResource", "mediapackagev2:CreateChannel" ]
    },
    "read" : {
      "permissions" : [ "mediapackagev2:GetChannel" ]
    },
    "update" : {
      "permissions" : [ "mediapackagev2:TagResource", "mediapackagev2:UntagResource", "mediapackagev2:ListTagsForResource", "mediapackagev2:UpdateChannel" ]
    },
    "delete" : {
      "permissions" : [ "mediapackagev2:GetChannel", "mediapackagev2:DeleteChannel" ]
    },
    "list" : {
      "handlerSchema" : {
        "properties" : {
          "ChannelGroupName" : {
            "$ref" : "resource-schema.json#/properties/ChannelGroupName"
          }
        },
        "required" : [ "ChannelGroupName" ]
      },
      "permissions" : [ "mediapackagev2:ListChannels" ]
    }
  },
  "tagging" : {
    "taggable" : true,
    "tagOnCreate" : true,
    "tagUpdatable" : true,
    "cloudFormationSystemTags" : false,
    "tagProperty" : "/properties/Tags"
  },
  "additionalIdentifiers" : [ [ "/properties/ChannelGroupName", "/properties/ChannelName" ] ],
  "sourceUrl" : "https://github.com/aws-cloudformation/aws-cloudformation-resource-providers-mediapackagev2",
  "additionalProperties" : false
}