{
  "typeName" : "AWS::EFS::MountTarget",
  "description" : "Resource Type definition for AWS::EFS::MountTarget",
  "sourceUrl" : "https://github.com/aws-cloudformation/aws-cloudformation-rpdk.git",
  "properties" : {
    "Id" : {
      "type" : "string"
    },
    "IpAddress" : {
      "type" : "string"
    },
    "FileSystemId" : {
      "type" : "string"
    },
    "SecurityGroups" : {
      "type" : "array",
      "insertionOrder" : false,
      "uniqueItems" : true,
      "items" : {
        "type" : "string"
      }
    },
    "SubnetId" : {
      "type" : "string"
    }
  },
  "additionalProperties" : false,
  "required" : [ "FileSystemId", "SecurityGroups", "SubnetId" ],
  "createOnlyProperties" : [ "/properties/IpAddress", "/properties/SubnetId", "/properties/FileSystemId" ],
  "primaryIdentifier" : [ "/properties/Id" ],
  "readOnlyProperties" : [ "/properties/Id" ],
  "tagging" : {
    "taggable" : false
  },
  "handlers" : {
    "create" : {
      "permissions" : [ "elasticfilesystem:CreateMountTarget", "elasticfilesystem:DescribeMountTargets" ]
    },
    "read" : {
      "permissions" : [ "elasticfilesystem:DescribeMountTargets", "elasticfilesystem:DescribeMountTargetSecurityGroups" ]
    },
    "update" : {
      "permissions" : [ "elasticfilesystem:DescribeMountTargets", "elasticfilesystem:DescribeMountTargetSecurityGroups", "elasticfilesystem:ModifyMountTargetSecurityGroups" ]
    },
    "delete" : {
      "permissions" : [ "elasticfilesystem:DescribeMountTargets", "elasticfilesystem:DeleteMountTarget" ]
    },
    "list" : {
      "permissions" : [ "elasticfilesystem:DescribeMountTargets", "elasticfilesystem:DescribeMountTargetSecurityGroups" ],
      "handlerSchema" : {
        "properties" : {
          "FileSystemId" : {
            "$ref" : "resource-schema.json#/properties/FileSystemId"
          }
        },
        "required" : [ "FileSystemId" ]
      }
    }
  }
}