{
  "additionalProperties" : false,
  "definitions" : {
    "ImportSource" : {
      "additionalProperties" : false,
      "properties" : {
        "SourceType" : {
          "type" : "string"
        },
        "SourceArn" : {
          "type" : "string"
        }
      },
      "required" : [ "SourceType", "SourceArn" ],
      "type" : "object"
    }
  },
  "description" : "Resource Type definition for AWS::CloudFront::KeyValueStore",
  "handlers" : {
    "create" : {
      "permissions" : [ "cloudfront:CreateKeyValueStore", "cloudfront:DescribeKeyValueStore", "s3:GetObject", "s3:HeadObject", "s3:GetBucketLocation" ]
    },
    "delete" : {
      "permissions" : [ "cloudfront:DeleteKeyValueStore", "cloudfront:DescribeKeyValueStore" ]
    },
    "list" : {
      "permissions" : [ "cloudfront:ListKeyValueStores" ]
    },
    "read" : {
      "permissions" : [ "cloudfront:DescribeKeyValueStore" ]
    },
    "update" : {
      "permissions" : [ "cloudfront:UpdateKeyValueStore", "cloudfront:DescribeKeyValueStore" ]
    }
  },
  "properties" : {
    "Arn" : {
      "type" : "string"
    },
    "Id" : {
      "type" : "string"
    },
    "Status" : {
      "type" : "string"
    },
    "Name" : {
      "type" : "string"
    },
    "Comment" : {
      "type" : "string"
    },
    "ImportSource" : {
      "$ref" : "#/definitions/ImportSource"
    }
  },
  "primaryIdentifier" : [ "/properties/Name" ],
  "createOnlyProperties" : [ "/properties/Name" ],
  "readOnlyProperties" : [ "/properties/Arn", "/properties/Id", "/properties/Status" ],
  "writeOnlyProperties" : [ "/properties/ImportSource" ],
  "required" : [ "Name" ],
  "tagging" : {
    "cloudFormationSystemTags" : false,
    "tagOnCreate" : false,
    "tagUpdatable" : false,
    "taggable" : false
  },
  "typeName" : "AWS::CloudFront::KeyValueStore"
}