{
  "typeName" : "AWS::ECS::TaskSet",
  "description" : "Create a task set in the specified cluster and service. This is used when a service uses the EXTERNAL deployment controller type. For more information, see https://docs.aws.amazon.com/AmazonECS/latest/developerguide/deployment-types.htmlin the Amazon Elastic Container Service Developer Guide.",
  "sourceUrl" : "https://github.com/aws-cloudformation/aws-cloudformation-resource-providers-ecs.git",
  "definitions" : {
    "LoadBalancer" : {
      "description" : "A load balancer object representing the load balancer to use with the task set. The supported load balancer types are either an Application Load Balancer or a Network Load Balancer. ",
      "type" : "object",
      "properties" : {
        "ContainerName" : {
          "description" : "The name of the container (as it appears in a container definition) to associate with the load balancer.",
          "type" : "string"
        },
        "ContainerPort" : {
          "description" : "The port on the container to associate with the load balancer. This port must correspond to a containerPort in the task definition the tasks in the service are using. For tasks that use the EC2 launch type, the container instance they are launched on must allow ingress traffic on the hostPort of the port mapping.",
          "type" : "integer"
        },
        "TargetGroupArn" : {
          "description" : "The full Amazon Resource Name (ARN) of the Elastic Load Balancing target group or groups associated with a service or task set. A target group ARN is only specified when using an Application Load Balancer or Network Load Balancer. If you are using a Classic Load Balancer this should be omitted. For services using the ECS deployment controller, you can specify one or multiple target groups. For more information, see https://docs.aws.amazon.com/AmazonECS/latest/developerguide/register-multiple-targetgroups.html in the Amazon Elastic Container Service Developer Guide. For services using the CODE_DEPLOY deployment controller, you are required to define two target groups for the load balancer. For more information, see https://docs.aws.amazon.com/AmazonECS/latest/developerguide/deployment-type-bluegreen.html in the Amazon Elastic Container Service Developer Guide. If your service's task definition uses the awsvpc network mode (which is required for the Fargate launch type), you must choose ip as the target type, not instance, when creating your target groups because tasks that use the awsvpc network mode are associated with an elastic network interface, not an Amazon EC2 instance.",
          "type" : "string"
        }
      },
      "additionalProperties" : false
    },
    "NetworkConfiguration" : {
      "description" : "An object representing the network configuration for a task or service.",
      "type" : "object",
      "properties" : {
        "AwsVpcConfiguration" : {
          "$ref" : "#/definitions/AwsVpcConfiguration"
        }
      },
      "additionalProperties" : false
    },
    "AwsVpcConfiguration" : {
      "description" : "The VPC subnets and security groups associated with a task. All specified subnets and security groups must be from the same VPC.",
      "type" : "object",
      "properties" : {
        "AssignPublicIp" : {
          "description" : "Whether the task's elastic network interface receives a public IP address. The default value is DISABLED.",
          "type" : "string",
          "enum" : [ "DISABLED", "ENABLED" ]
        },
        "SecurityGroups" : {
          "description" : "The security groups associated with the task or service. If you do not specify a security group, the default security group for the VPC is used. There is a limit of 5 security groups that can be specified per AwsVpcConfiguration.",
          "type" : "array",
          "items" : {
            "type" : "string"
          },
          "maxItems" : 5
        },
        "Subnets" : {
          "description" : "The subnets associated with the task or service. There is a limit of 16 subnets that can be specified per AwsVpcConfiguration.",
          "type" : "array",
          "items" : {
            "type" : "string"
          },
          "maxItems" : 16
        }
      },
      "required" : [ "Subnets" ],
      "additionalProperties" : false
    },
    "Scale" : {
      "type" : "object",
      "properties" : {
        "Unit" : {
          "description" : "The unit of measure for the scale value.",
          "type" : "string",
          "enum" : [ "PERCENT" ]
        },
        "Value" : {
          "description" : "The value, specified as a percent total of a service's desiredCount, to scale the task set. Accepted values are numbers between 0 and 100.",
          "type" : "number",
          "minimum" : 0,
          "maximum" : 100
        }
      },
      "additionalProperties" : false
    },
    "ServiceRegistry" : {
      "type" : "object",
      "properties" : {
        "ContainerName" : {
          "description" : "The container name value, already specified in the task definition, to be used for your service discovery service. If the task definition that your service task specifies uses the bridge or host network mode, you must specify a containerName and containerPort combination from the task definition. If the task definition that your service task specifies uses the awsvpc network mode and a type SRV DNS record is used, you must specify either a containerName and containerPort combination or a port value, but not both.",
          "type" : "string"
        },
        "ContainerPort" : {
          "description" : "The port value, already specified in the task definition, to be used for your service discovery service. If the task definition your service task specifies uses the bridge or host network mode, you must specify a containerName and containerPort combination from the task definition. If the task definition your service task specifies uses the awsvpc network mode and a type SRV DNS record is used, you must specify either a containerName and containerPort combination or a port value, but not both.",
          "type" : "integer"
        },
        "Port" : {
          "description" : "The port value used if your service discovery service specified an SRV record. This field may be used if both the awsvpc network mode and SRV records are used.",
          "type" : "integer"
        },
        "RegistryArn" : {
          "description" : "The Amazon Resource Name (ARN) of the service registry. The currently supported service registry is AWS Cloud Map. For more information, see https://docs.aws.amazon.com/cloud-map/latest/api/API_CreateService.html",
          "type" : "string"
        }
      },
      "additionalProperties" : false
    }
  },
  "properties" : {
    "Cluster" : {
      "description" : "The short name or full Amazon Resource Name (ARN) of the cluster that hosts the service to create the task set in.",
      "type" : "string"
    },
    "ExternalId" : {
      "description" : "An optional non-unique tag that identifies this task set in external systems. If the task set is associated with a service discovery registry, the tasks in this task set will have the ECS_TASK_SET_EXTERNAL_ID AWS Cloud Map attribute set to the provided value. ",
      "type" : "string"
    },
    "Id" : {
      "description" : "The ID of the task set.",
      "type" : "string"
    },
    "LaunchType" : {
      "description" : "The launch type that new tasks in the task set will use. For more information, see https://docs.aws.amazon.com/AmazonECS/latest/developerguide/launch_types.html in the Amazon Elastic Container Service Developer Guide. ",
      "type" : "string",
      "enum" : [ "EC2", "FARGATE" ]
    },
    "LoadBalancers" : {
      "type" : "array",
      "items" : {
        "$ref" : "#/definitions/LoadBalancer"
      }
    },
    "NetworkConfiguration" : {
      "$ref" : "#/definitions/NetworkConfiguration"
    },
    "PlatformVersion" : {
      "description" : "The platform version that the tasks in the task set should use. A platform version is specified only for tasks using the Fargate launch type. If one isn't specified, the LATEST platform version is used by default.",
      "type" : "string"
    },
    "Scale" : {
      "description" : "A floating-point percentage of the desired number of tasks to place and keep running in the task set.",
      "$ref" : "#/definitions/Scale"
    },
    "Service" : {
      "description" : "The short name or full Amazon Resource Name (ARN) of the service to create the task set in.",
      "type" : "string"
    },
    "ServiceRegistries" : {
      "description" : "The details of the service discovery registries to assign to this task set. For more information, see https://docs.aws.amazon.com/AmazonECS/latest/developerguide/service-discovery.html.",
      "type" : "array",
      "items" : {
        "$ref" : "#/definitions/ServiceRegistry"
      }
    },
    "TaskDefinition" : {
      "description" : "The short name or full Amazon Resource Name (ARN) of the task definition for the tasks in the task set to use.",
      "type" : "string"
    }
  },
  "required" : [ "Cluster", "Service", "TaskDefinition" ],
  "tagging" : {
    "taggable" : false,
    "tagOnCreate" : false,
    "tagUpdatable" : false,
    "cloudFormationSystemTags" : false
  },
  "createOnlyProperties" : [ "/properties/Cluster", "/properties/ExternalId", "/properties/LaunchType", "/properties/LoadBalancers", "/properties/NetworkConfiguration", "/properties/PlatformVersion", "/properties/Service", "/properties/ServiceRegistries", "/properties/TaskDefinition" ],
  "readOnlyProperties" : [ "/properties/Id" ],
  "primaryIdentifier" : [ "/properties/Cluster", "/properties/Service", "/properties/Id" ],
  "handlers" : {
    "create" : {
      "permissions" : [ "ecs:CreateTaskSet", "ecs:DescribeTaskSets" ]
    },
    "read" : {
      "permissions" : [ "ecs:DescribeTaskSets" ]
    },
    "update" : {
      "permissions" : [ "ecs:UpdateTaskSet", "ecs:DescribeTaskSets" ]
    },
    "delete" : {
      "permissions" : [ "ecs:DeleteTaskSet", "ecs:DescribeTaskSets" ]
    }
  },
  "additionalProperties" : false
}