{
  "typeName" : "AWS::Route53RecoveryControl::SafetyRule",
  "description" : "Resource schema for AWS Route53 Recovery Control basic constructs and validation rules.",
  "sourceUrl" : "https://github.com/aws-cloudformation/aws-cloudformation-resource-providers-route53-recovery-control.git",
  "taggable" : true,
  "definitions" : {
    "SafetyRuleName" : {
      "description" : "The name for the safety rule.",
      "type" : "string"
    },
    "RuleType" : {
      "description" : "A rule can be one of the following: ATLEAST, AND, or OR.",
      "type" : "string",
      "enum" : [ "AND", "OR", "ATLEAST" ]
    },
    "RuleConfig" : {
      "description" : "The rule configuration for an assertion rule or gating rule. This is the criteria that you set for specific assertion controls (routing controls) or gating controls. This configuration specifies how many controls must be enabled after a transaction completes.",
      "type" : "object",
      "properties" : {
        "Type" : {
          "$ref" : "#/definitions/RuleType"
        },
        "Threshold" : {
          "description" : "The value of N, when you specify an ATLEAST rule type. That is, Threshold is the number of controls that must be set when you specify an ATLEAST type.",
          "type" : "integer"
        },
        "Inverted" : {
          "description" : "Logical negation of the rule. If the rule would usually evaluate true, it's evaluated as false, and vice versa.",
          "type" : "boolean"
        }
      },
      "required" : [ "Type", "Threshold", "Inverted" ],
      "additionalProperties" : false
    },
    "GatingRule" : {
      "description" : "A gating rule verifies that a set of gating controls evaluates as true, based on a rule configuration that you specify. If the gating rule evaluates to true, Amazon Route 53 Application Recovery Controller allows a set of routing control state changes to run and complete against the set of target controls.",
      "type" : "object",
      "properties" : {
        "GatingControls" : {
          "description" : "The gating controls for the gating rule. That is, routing controls that are evaluated by the rule configuration that you specify.",
          "type" : "array",
          "items" : {
            "type" : "string"
          },
          "insertionOrder" : false
        },
        "TargetControls" : {
          "description" : "Routing controls that can only be set or unset if the specified RuleConfig evaluates to true for the specified GatingControls. For example, say you have three gating controls, one for each of three AWS Regions. Now you specify AtLeast 2 as your RuleConfig. With these settings, you can only change (set or unset) the routing controls that you have specified as TargetControls if that rule evaluates to true. \nIn other words, your ability to change the routing controls that you have specified as TargetControls is gated by the rule that you set for the routing controls in GatingControls.",
          "type" : "array",
          "items" : {
            "type" : "string"
          },
          "insertionOrder" : false
        },
        "WaitPeriodMs" : {
          "description" : "An evaluation period, in milliseconds (ms), during which any request against the target routing controls will fail. This helps prevent \"flapping\" of state. The wait period is 5000 ms by default, but you can choose a custom value.",
          "type" : "integer"
        }
      },
      "required" : [ "WaitPeriodMs", "TargetControls", "GatingControls" ],
      "additionalProperties" : false
    },
    "AssertionRule" : {
      "description" : "An assertion rule enforces that, when a routing control state is changed, that the criteria set by the rule configuration is met. Otherwise, the change to the routing control is not accepted.",
      "type" : "object",
      "properties" : {
        "WaitPeriodMs" : {
          "description" : "An evaluation period, in milliseconds (ms), during which any request against the target routing controls will fail. This helps prevent \"flapping\" of state. The wait period is 5000 ms by default, but you can choose a custom value.",
          "type" : "integer"
        },
        "AssertedControls" : {
          "description" : "The routing controls that are part of transactions that are evaluated to determine if a request to change a routing control state is allowed. For example, you might include three routing controls, one for each of three AWS Regions.",
          "type" : "array",
          "items" : {
            "type" : "string"
          },
          "insertionOrder" : false
        }
      },
      "required" : [ "AssertedControls", "WaitPeriodMs" ],
      "additionalProperties" : false
    },
    "Tag" : {
      "type" : "object",
      "properties" : {
        "Key" : {
          "type" : "string",
          "minLength" : 1,
          "maxLength" : 128
        },
        "Value" : {
          "type" : "string",
          "maxLength" : 256
        }
      },
      "required" : [ "Value", "Key" ],
      "additionalProperties" : false
    }
  },
  "properties" : {
    "AssertionRule" : {
      "$ref" : "#/definitions/AssertionRule"
    },
    "GatingRule" : {
      "$ref" : "#/definitions/GatingRule"
    },
    "Name" : {
      "$ref" : "#/definitions/SafetyRuleName"
    },
    "SafetyRuleArn" : {
      "description" : "The Amazon Resource Name (ARN) of the safety rule.",
      "type" : "string"
    },
    "ControlPanelArn" : {
      "description" : "The Amazon Resource Name (ARN) of the control panel.",
      "type" : "string"
    },
    "Status" : {
      "description" : "The deployment status of the routing control. Status can be one of the following: PENDING, DEPLOYED, PENDING_DELETION.",
      "type" : "string",
      "enum" : [ "PENDING", "DEPLOYED", "PENDING_DELETION" ]
    },
    "RuleConfig" : {
      "$ref" : "#/definitions/RuleConfig"
    },
    "Tags" : {
      "description" : "A collection of tags associated with a resource",
      "type" : "array",
      "items" : {
        "$ref" : "#/definitions/Tag",
        "maxItems" : 20
      },
      "insertionOrder" : false
    }
  },
  "oneOf" : [ {
    "required" : [ "AssertionRule", "Name", "ControlPanelArn", "RuleConfig" ]
  }, {
    "required" : [ "GatingRule", "Name", "ControlPanelArn", "RuleConfig" ]
  } ],
  "required" : [ ],
  "additionalProperties" : false,
  "createOnlyProperties" : [ "/properties/ControlPanelArn", "/properties/RuleConfig", "/properties/ControlPanelArn", "/properties/Tags" ],
  "writeOnlyProperties" : [ "/properties/Tags" ],
  "readOnlyProperties" : [ "/properties/SafetyRuleArn", "/properties/Status" ],
  "primaryIdentifier" : [ "/properties/SafetyRuleArn" ],
  "handlers" : {
    "create" : {
      "permissions" : [ "route53-recovery-control-config:CreateSafetyRule", "route53-recovery-control-config:DescribeControlPanel", "route53-recovery-control-config:DescribeRoutingControl", "route53-recovery-control-config:ListTagsForResource", "route53-recovery-control-config:TagResource" ]
    },
    "read" : {
      "permissions" : [ "route53-recovery-control-config:DescribeSafetyRule", "route53-recovery-control-config:ListTagsForResource" ]
    },
    "update" : {
      "permissions" : [ "route53-recovery-control-config:UpdateSafetyRule", "route53-recovery-control-config:ListTagsForResource", "route53-recovery-control-config:TagResource", "route53-recovery-control-config:UntagResource" ]
    },
    "delete" : {
      "permissions" : [ "route53-recovery-control-config:DeleteSafetyRule" ]
    },
    "list" : {
      "permissions" : [ "route53-recovery-control-config:ListSafetyRules" ]
    }
  }
}