{
  "sourceUrl" : "https://github.com/aws-cloudformation/aws-cloudformation-resource-providers-ec2.git",
  "tagging" : {
    "taggable" : false,
    "tagOnCreate" : false,
    "tagUpdatable" : false,
    "cloudFormationSystemTags" : false
  },
  "handlers" : {
    "read" : {
      "permissions" : [ "ec2:DescribeSecurityGroupRules" ]
    },
    "create" : {
      "permissions" : [ "ec2:AuthorizeSecurityGroupEgress", "ec2:RevokeSecurityGroupEgress", "ec2:DescribeSecurityGroupRules" ]
    },
    "update" : {
      "permissions" : [ "ec2:UpdateSecurityGroupRuleDescriptionsEgress" ]
    },
    "list" : {
      "permissions" : [ "ec2:DescribeSecurityGroupRules" ]
    },
    "delete" : {
      "permissions" : [ "ec2:RevokeSecurityGroupEgress", "ec2:DescribeSecurityGroupRules" ]
    }
  },
  "typeName" : "AWS::EC2::SecurityGroupEgress",
  "readOnlyProperties" : [ "/properties/Id" ],
  "description" : "Resource Type definition for AWS::EC2::SecurityGroupEgress",
  "createOnlyProperties" : [ "/properties/IpProtocol", "/properties/DestinationSecurityGroupId", "/properties/ToPort", "/properties/CidrIp", "/properties/FromPort", "/properties/GroupId", "/properties/CidrIpv6", "/properties/DestinationPrefixListId" ],
  "additionalProperties" : false,
  "primaryIdentifier" : [ "/properties/Id" ],
  "required" : [ "IpProtocol", "GroupId" ],
  "properties" : {
    "CidrIp" : {
      "description" : "The IPv4 ranges",
      "type" : "string"
    },
    "CidrIpv6" : {
      "description" : "[VPC only] The IPv6 ranges",
      "type" : "string"
    },
    "Description" : {
      "description" : "Resource Type definition for an egress (outbound) security group rule.",
      "type" : "string"
    },
    "FromPort" : {
      "description" : "The start of port range for the TCP and UDP protocols, or an ICMP/ICMPv6 type number. A value of -1 indicates all ICMP/ICMPv6 types. If you specify all ICMP/ICMPv6 types, you must specify all codes.",
      "type" : "integer"
    },
    "ToPort" : {
      "description" : "The end of port range for the TCP and UDP protocols, or an ICMP/ICMPv6 code. A value of -1 indicates all ICMP/ICMPv6 codes. If you specify all ICMP/ICMPv6 types, you must specify all codes.",
      "type" : "integer"
    },
    "IpProtocol" : {
      "description" : "[VPC only] Use -1 to specify all protocols. When authorizing security group rules, specifying -1 or a protocol number other than tcp, udp, icmp, or icmpv6 allows traffic on all ports, regardless of any port range you specify. For tcp, udp, and icmp, you must specify a port range. For icmpv6, the port range is optional; if you omit the port range, traffic for all types and codes is allowed.",
      "type" : "string"
    },
    "DestinationSecurityGroupId" : {
      "description" : "You must specify a destination security group (DestinationPrefixListId or DestinationSecurityGroupId) or a CIDR range (CidrIp or CidrIpv6).",
      "type" : "string"
    },
    "Id" : {
      "description" : "The Security Group Rule Id",
      "type" : "string"
    },
    "DestinationPrefixListId" : {
      "description" : "[EC2-VPC only] The ID of a prefix list.",
      "type" : "string"
    },
    "GroupId" : {
      "description" : "The ID of the security group. You must specify either the security group ID or the security group name in the request. For security groups in a nondefault VPC, you must specify the security group ID.",
      "type" : "string"
    }
  }
}