{
  "sourceUrl" : "https://github.com/aws-cloudformation/aws-cloudformation-resource-providers-elasticloadbalancingv2",
  "documentationUrl" : "https://docs.aws.amazon.com/AWSCloudFormation/latest/UserGuide/aws-resource-elasticloadbalancingv2-loadbalancer.html",
  "tagging" : {
    "taggable" : true,
    "tagOnCreate" : true,
    "tagUpdatable" : true,
    "tagProperty" : "/properties/Tags",
    "cloudFormationSystemTags" : false
  },
  "handlers" : {
    "read" : {
      "permissions" : [ "elasticloadbalancing:DescribeLoadBalancers", "elasticloadbalancing:DescribeLoadBalancerAttributes", "elasticloadbalancing:DescribeTags" ]
    },
    "create" : {
      "permissions" : [ "elasticloadbalancing:CreateLoadBalancer", "elasticloadbalancing:DescribeLoadBalancers", "elasticloadbalancing:ModifyLoadBalancerAttributes", "elasticloadbalancing:AddTags" ]
    },
    "update" : {
      "permissions" : [ "elasticloadbalancing:ModifyLoadBalancerAttributes", "elasticloadbalancing:SetSubnets", "elasticloadbalancing:SetIpAddressType", "elasticloadbalancing:SetSecurityGroups", "elasticloadbalancing:AddTags", "elasticloadbalancing:RemoveTags" ]
    },
    "list" : {
      "permissions" : [ "elasticloadbalancing:DescribeLoadBalancers" ]
    },
    "delete" : {
      "permissions" : [ "elasticloadbalancing:DescribeLoadBalancers", "elasticloadbalancing:DeleteLoadBalancer" ]
    }
  },
  "typeName" : "AWS::ElasticLoadBalancingV2::LoadBalancer",
  "readOnlyProperties" : [ "/properties/LoadBalancerName", "/properties/LoadBalancerFullName", "/properties/CanonicalHostedZoneID", "/properties/LoadBalancerArn", "/properties/DNSName" ],
  "description" : "Resource Type definition for AWS::ElasticLoadBalancingV2::LoadBalancer",
  "createOnlyProperties" : [ "/properties/Name", "/properties/Type", "/properties/Scheme" ],
  "additionalProperties" : false,
  "primaryIdentifier" : [ "/properties/LoadBalancerArn" ],
  "definitions" : {
    "SubnetMapping" : {
      "additionalProperties" : false,
      "type" : "object",
      "properties" : {
        "AllocationId" : {
          "type" : "string"
        },
        "IPv6Address" : {
          "type" : "string"
        },
        "SubnetId" : {
          "type" : "string"
        },
        "PrivateIPv4Address" : {
          "type" : "string"
        }
      },
      "required" : [ "SubnetId" ]
    },
    "LoadBalancerAttribute" : {
      "additionalProperties" : false,
      "type" : "object",
      "properties" : {
        "Value" : {
          "type" : "string"
        },
        "Key" : {
          "type" : "string"
        }
      }
    },
    "Tag" : {
      "additionalProperties" : false,
      "type" : "object",
      "properties" : {
        "Value" : {
          "type" : "string"
        },
        "Key" : {
          "type" : "string"
        }
      },
      "required" : [ "Key" ]
    }
  },
  "properties" : {
    "IpAddressType" : {
      "description" : "The type of IP addresses used by the subnets for your load balancer. The possible values are ipv4 (for IPv4 addresses) and dualstack (for IPv4 and IPv6 addresses).",
      "type" : "string"
    },
    "SecurityGroups" : {
      "uniqueItems" : true,
      "description" : "The IDs of the security groups for the load balancer.",
      "insertionOrder" : false,
      "type" : "array",
      "items" : {
        "type" : "string"
      }
    },
    "LoadBalancerAttributes" : {
      "arrayType" : "AttributeList",
      "uniqueItems" : true,
      "description" : "The load balancer attributes.",
      "insertionOrder" : false,
      "type" : "array",
      "items" : {
        "$ref" : "#/definitions/LoadBalancerAttribute"
      }
    },
    "Scheme" : {
      "description" : "The nodes of an Internet-facing load balancer have public IP addresses. The DNS name of an Internet-facing load balancer is publicly resolvable to the public IP addresses of the nodes. Therefore, Internet-facing load balancers can route requests from clients over the internet. The nodes of an internal load balancer have only private IP addresses. The DNS name of an internal load balancer is publicly resolvable to the private IP addresses of the nodes. Therefore, internal load balancers can route requests only from clients with access to the VPC for the load balancer. The default is an Internet-facing load balancer.",
      "type" : "string"
    },
    "DNSName" : {
      "description" : "The public DNS name of the load balancer.",
      "type" : "string"
    },
    "Name" : {
      "description" : "The name of the load balancer.",
      "type" : "string"
    },
    "LoadBalancerName" : {
      "description" : "The name of the load balancer.",
      "type" : "string"
    },
    "Subnets" : {
      "uniqueItems" : true,
      "description" : "The IDs of the public subnets. You can specify only one subnet per Availability Zone. You must specify either subnets or subnet mappings, but not both. To specify an Elastic IP address, specify subnet mappings instead of subnets.",
      "insertionOrder" : false,
      "type" : "array",
      "items" : {
        "type" : "string"
      }
    },
    "Type" : {
      "description" : "The type of load balancer. The default is application.",
      "type" : "string"
    },
    "CanonicalHostedZoneID" : {
      "description" : "The ID of the Amazon Route 53 hosted zone associated with the load balancer.",
      "type" : "string"
    },
    "LoadBalancerArn" : {
      "description" : "The Amazon Resource Name (ARN) of the load balancer.",
      "type" : "string"
    },
    "Tags" : {
      "uniqueItems" : false,
      "description" : "The tags to assign to the load balancer.",
      "insertionOrder" : false,
      "type" : "array",
      "items" : {
        "$ref" : "#/definitions/Tag"
      }
    },
    "LoadBalancerFullName" : {
      "description" : "The full name of the load balancer.",
      "type" : "string"
    },
    "SubnetMappings" : {
      "uniqueItems" : true,
      "description" : "The IDs of the public subnets. You can specify only one subnet per Availability Zone. You must specify either subnets or subnet mappings, but not both.",
      "insertionOrder" : false,
      "type" : "array",
      "items" : {
        "$ref" : "#/definitions/SubnetMapping"
      }
    }
  }
}