{
  "typeName" : "AWS::DMS::DataProvider",
  "description" : "Resource schema for AWS::DMS::DataProvider",
  "sourceUrl" : "https://github.com/aws-cloudformation/aws-cloudformation-resource-providers-dms.git",
  "tagging" : {
    "taggable" : true
  },
  "definitions" : {
    "Tag" : {
      "description" : "A key-value pair to associate with a resource.",
      "type" : "object",
      "properties" : {
        "Key" : {
          "type" : "string",
          "description" : "The key name of the tag. You can specify a value that is 1 to 128 Unicode characters in length and cannot be prefixed with aws:. You can use any of the following characters: the set of Unicode letters, digits, whitespace, _, ., /, =, +, and -.",
          "minLength" : 1,
          "maxLength" : 128
        },
        "Value" : {
          "type" : "string",
          "description" : "The value for the tag. You can specify a value that is 0 to 256 Unicode characters in length and cannot be prefixed with aws:. You can use any of the following characters: the set of Unicode letters, digits, whitespace, _, ., /, =, +, and -.",
          "minLength" : 0,
          "maxLength" : 256
        }
      },
      "required" : [ "Key", "Value" ],
      "additionalProperties" : false
    },
    "DmsSslModeValue" : {
      "type" : "string",
      "enum" : [ "none", "require", "verify_ca", "verify_full" ]
    }
  },
  "properties" : {
    "DataProviderName" : {
      "description" : "The property describes a name to identify the data provider.",
      "type" : "string",
      "minLength" : 1,
      "maxLength" : 255
    },
    "DataProviderIdentifier" : {
      "description" : "The property describes an identifier for the data provider. It is used for describing/deleting/modifying can be name/arn",
      "type" : "string",
      "minLength" : 1,
      "maxLength" : 255
    },
    "DataProviderArn" : {
      "description" : "The data provider ARN.",
      "type" : "string",
      "minLength" : 1,
      "maxLength" : 255
    },
    "DataProviderCreationTime" : {
      "description" : "The data provider creation time.",
      "type" : "string",
      "minLength" : 1,
      "maxLength" : 40
    },
    "Description" : {
      "description" : "The optional description of the data provider.",
      "type" : "string",
      "minLength" : 1,
      "maxLength" : 255
    },
    "Engine" : {
      "description" : "The property describes a data engine for the data provider.",
      "type" : "string",
      "enum" : [ "postgresql", "mysql", "oracle", "sqlserver", "aurora", "aurora_postgresql" ]
    },
    "ExactSettings" : {
      "description" : "The property describes the exact settings which can be modified",
      "type" : "boolean",
      "default" : false
    },
    "Settings" : {
      "description" : "The property identifies the exact type of settings for the data provider.",
      "type" : "object",
      "oneOf" : [ {
        "description" : "PostgreSqlSettings property identifier.",
        "type" : "object",
        "additionalProperties" : false,
        "properties" : {
          "PostgreSqlSettings" : {
            "type" : "object",
            "additionalProperties" : false,
            "properties" : {
              "ServerName" : {
                "type" : "string"
              },
              "Port" : {
                "type" : "integer"
              },
              "DatabaseName" : {
                "type" : "string"
              },
              "SslMode" : {
                "type" : "object",
                "$ref" : "#/definitions/DmsSslModeValue"
              },
              "CertificateArn" : {
                "type" : "string"
              }
            }
          }
        }
      }, {
        "description" : "MySqlSettings property identifier.",
        "type" : "object",
        "additionalProperties" : false,
        "properties" : {
          "MySqlSettings" : {
            "type" : "object",
            "additionalProperties" : false,
            "properties" : {
              "ServerName" : {
                "type" : "string"
              },
              "Port" : {
                "type" : "integer"
              },
              "SslMode" : {
                "type" : "object",
                "$ref" : "#/definitions/DmsSslModeValue"
              },
              "CertificateArn" : {
                "type" : "string"
              }
            }
          }
        }
      }, {
        "description" : "OracleSettings property identifier.",
        "type" : "object",
        "additionalProperties" : false,
        "properties" : {
          "OracleSettings" : {
            "type" : "object",
            "additionalProperties" : false,
            "properties" : {
              "ServerName" : {
                "type" : "string"
              },
              "Port" : {
                "type" : "integer"
              },
              "DatabaseName" : {
                "type" : "string"
              },
              "SslMode" : {
                "type" : "object",
                "$ref" : "#/definitions/DmsSslModeValue"
              },
              "CertificateArn" : {
                "type" : "string"
              },
              "AsmServer" : {
                "type" : "string"
              },
              "SecretsManagerOracleAsmSecretId" : {
                "type" : "string"
              },
              "SecretsManagerOracleAsmAccessRoleArn" : {
                "type" : "string"
              },
              "SecretsManagerSecurityDbEncryptionSecretId" : {
                "type" : "string"
              },
              "SecretsManagerSecurityDbEncryptionAccessRoleArn" : {
                "type" : "string"
              }
            }
          }
        }
      }, {
        "description" : "MicrosoftSqlServerSettings property identifier.",
        "type" : "object",
        "additionalProperties" : false,
        "properties" : {
          "MicrosoftSqlServerSettings" : {
            "type" : "object",
            "additionalProperties" : false,
            "properties" : {
              "ServerName" : {
                "type" : "string"
              },
              "Port" : {
                "type" : "integer"
              },
              "DatabaseName" : {
                "type" : "string"
              },
              "SslMode" : {
                "type" : "object",
                "$ref" : "#/definitions/DmsSslModeValue"
              },
              "CertificateArn" : {
                "type" : "string"
              }
            }
          }
        }
      } ]
    },
    "Tags" : {
      "description" : "An array of key-value pairs to apply to this resource.",
      "type" : "array",
      "uniqueItems" : true,
      "insertionOrder" : false,
      "items" : {
        "$ref" : "#/definitions/Tag"
      }
    }
  },
  "additionalProperties" : false,
  "required" : [ "Engine" ],
  "primaryIdentifier" : [ "/properties/DataProviderArn" ],
  "additionalIdentifiers" : [ [ "/properties/DataProviderName" ] ],
  "readOnlyProperties" : [ "/properties/DataProviderArn", "/properties/DataProviderCreationTime" ],
  "writeOnlyProperties" : [ "/properties/DataProviderIdentifier", "/properties/ExactSettings" ],
  "handlers" : {
    "create" : {
      "permissions" : [ "dms:CreateDataProvider", "dms:ListDataProviders", "dms:DescribeDataProviders", "dms:AddTagsToResource", "dms:ListTagsForResource" ]
    },
    "read" : {
      "permissions" : [ "dms:ListDataProviders", "dms:DescribeDataProviders", "dms:ListTagsForResource" ]
    },
    "update" : {
      "permissions" : [ "dms:UpdateDataProvider", "dms:ModifyDataProvider", "dms:AddTagsToResource", "dms:RemoveTagsToResource", "dms:ListTagsForResource" ]
    },
    "delete" : {
      "permissions" : [ "dms:DeleteDataProvider" ]
    },
    "list" : {
      "permissions" : [ "dms:ListDataProviders", "dms:DescribeDataProviders", "dms:ListTagsForResource" ]
    }
  }
}