{
  "tagging" : {
    "taggable" : true,
    "tagOnCreate" : true,
    "tagUpdatable" : true,
    "tagProperty" : "/properties/Tags",
    "cloudFormationSystemTags" : true
  },
  "typeName" : "AWS::EC2::Subnet",
  "readOnlyProperties" : [ "/properties/NetworkAclAssociationId", "/properties/SubnetId", "/properties/Ipv6CidrBlocks" ],
  "description" : "Resource Type definition for AWS::EC2::Subnet",
  "createOnlyProperties" : [ "/properties/VpcId", "/properties/AvailabilityZone", "/properties/AvailabilityZoneId", "/properties/CidrBlock", "/properties/OutpostArn", "/properties/Ipv6Native" ],
  "primaryIdentifier" : [ "/properties/SubnetId" ],
  "required" : [ "VpcId" ],
  "conditionalCreateOnlyProperties" : [ "/properties/Ipv6CidrBlock" ],
  "handlers" : {
    "read" : {
      "permissions" : [ "ec2:DescribeSubnets", "ec2:DescribeNetworkAcls" ]
    },
    "create" : {
      "permissions" : [ "ec2:DescribeSubnets", "ec2:CreateSubnet", "ec2:CreateTags", "ec2:ModifySubnetAttribute" ]
    },
    "update" : {
      "permissions" : [ "ec2:DescribeSubnets", "ec2:ModifySubnetAttribute", "ec2:CreateTags", "ec2:DeleteTags", "ec2:AssociateSubnetCidrBlock", "ec2:DisassociateSubnetCidrBlock" ]
    },
    "list" : {
      "permissions" : [ "ec2:DescribeSubnets", "ec2:DescribeNetworkAcls" ]
    },
    "delete" : {
      "permissions" : [ "ec2:DescribeSubnets", "ec2:DeleteSubnet" ]
    }
  },
  "additionalProperties" : false,
  "definitions" : {
    "Tag" : {
      "additionalProperties" : false,
      "type" : "object",
      "properties" : {
        "Value" : {
          "type" : "string"
        },
        "Key" : {
          "type" : "string"
        }
      },
      "required" : [ "Value", "Key" ]
    }
  },
  "properties" : {
    "MapPublicIpOnLaunch" : {
      "type" : "boolean"
    },
    "EnableDns64" : {
      "type" : "boolean"
    },
    "AvailabilityZoneId" : {
      "type" : "string"
    },
    "OutpostArn" : {
      "type" : "string"
    },
    "AvailabilityZone" : {
      "type" : "string"
    },
    "CidrBlock" : {
      "type" : "string"
    },
    "SubnetId" : {
      "type" : "string"
    },
    "Ipv6NetmaskLength" : {
      "description" : "The netmask length of the IPv6 CIDR you want to allocate to this subnet from an Amazon VPC IP Address Manager (IPAM) pool",
      "type" : "integer"
    },
    "AssignIpv6AddressOnCreation" : {
      "type" : "boolean"
    },
    "VpcId" : {
      "type" : "string"
    },
    "Ipv4NetmaskLength" : {
      "description" : "The netmask length of the IPv4 CIDR you want to allocate to this subnet from an Amazon VPC IP Address Manager (IPAM) pool",
      "type" : "integer"
    },
    "NetworkAclAssociationId" : {
      "type" : "string"
    },
    "PrivateDnsNameOptionsOnLaunch" : {
      "additionalProperties" : false,
      "type" : "object",
      "properties" : {
        "EnableResourceNameDnsARecord" : {
          "type" : "boolean"
        },
        "HostnameType" : {
          "type" : "string"
        },
        "EnableResourceNameDnsAAAARecord" : {
          "type" : "boolean"
        }
      }
    },
    "Ipv6Native" : {
      "type" : "boolean"
    },
    "Ipv6CidrBlocks" : {
      "uniqueItems" : false,
      "type" : "array",
      "items" : {
        "type" : "string"
      }
    },
    "Ipv6CidrBlock" : {
      "type" : "string"
    },
    "Tags" : {
      "uniqueItems" : false,
      "type" : "array",
      "items" : {
        "$ref" : "#/definitions/Tag"
      }
    }
  }
}