{
  "typeName" : "AWS::ImageBuilder::ImagePipeline",
  "description" : "Resource schema for AWS::ImageBuilder::ImagePipeline",
  "sourceUrl" : "https://github.com/aws-cloudformation/aws-cloudformation-resource-providers-imagebuilder.git",
  "properties" : {
    "Arn" : {
      "description" : "The Amazon Resource Name (ARN) of the image pipeline.",
      "type" : "string"
    },
    "Name" : {
      "description" : "The name of the image pipeline.",
      "type" : "string"
    },
    "Description" : {
      "description" : "The description of the image pipeline.",
      "type" : "string"
    },
    "ImageTestsConfiguration" : {
      "description" : "The image tests configuration of the image pipeline.",
      "$ref" : "#/definitions/ImageTestsConfiguration"
    },
    "Status" : {
      "description" : "The status of the image pipeline.",
      "type" : "string",
      "enum" : [ "DISABLED", "ENABLED" ]
    },
    "Schedule" : {
      "description" : "The schedule of the image pipeline.",
      "$ref" : "#/definitions/Schedule"
    },
    "ImageRecipeArn" : {
      "description" : "The Amazon Resource Name (ARN) of the image recipe that defines how images are configured, tested, and assessed.",
      "type" : "string"
    },
    "ContainerRecipeArn" : {
      "description" : "The Amazon Resource Name (ARN) of the container recipe that defines how images are configured and tested.",
      "type" : "string"
    },
    "DistributionConfigurationArn" : {
      "description" : "The Amazon Resource Name (ARN) of the distribution configuration associated with this image pipeline.",
      "type" : "string"
    },
    "InfrastructureConfigurationArn" : {
      "description" : "The Amazon Resource Name (ARN) of the infrastructure configuration associated with this image pipeline.",
      "type" : "string"
    },
    "EnhancedImageMetadataEnabled" : {
      "description" : "Collects additional information about the image being created, including the operating system (OS) version and package list.",
      "type" : "boolean"
    },
    "ImageScanningConfiguration" : {
      "description" : "Contains settings for vulnerability scans.",
      "$ref" : "#/definitions/ImageScanningConfiguration"
    },
    "Tags" : {
      "description" : "The tags of this image pipeline.",
      "type" : "object",
      "additionalProperties" : false,
      "patternProperties" : {
        ".{1,}" : {
          "type" : "string"
        }
      }
    }
  },
  "definitions" : {
    "ImageTestsConfiguration" : {
      "description" : "Image tests configuration.",
      "type" : "object",
      "additionalProperties" : false,
      "properties" : {
        "ImageTestsEnabled" : {
          "description" : "Defines if tests should be executed when building this image.",
          "type" : "boolean"
        },
        "TimeoutMinutes" : {
          "description" : "The maximum time in minutes that tests are permitted to run.",
          "type" : "integer",
          "minimum" : 60,
          "maximum" : 1440
        }
      }
    },
    "ImageScanningConfiguration" : {
      "description" : "Determines if tests should run after building the image. Image Builder defaults to enable tests to run following the image build, before image distribution.",
      "type" : "object",
      "additionalProperties" : false,
      "properties" : {
        "EcrConfiguration" : {
          "description" : "Contains ECR settings for vulnerability scans.",
          "$ref" : "#/definitions/EcrConfiguration"
        },
        "ImageScanningEnabled" : {
          "description" : "This sets whether Image Builder keeps a snapshot of the vulnerability scans that Amazon Inspector runs against the build instance when you create a new image.",
          "type" : "boolean"
        }
      }
    },
    "EcrConfiguration" : {
      "description" : "Settings for Image Builder to configure the ECR repository and output container images that are scanned.",
      "type" : "object",
      "additionalProperties" : false,
      "properties" : {
        "ContainerTags" : {
          "description" : "Tags for Image Builder to apply the output container image that is scanned. Tags can help you identify and manage your scanned images.",
          "type" : "array",
          "insertionOrder" : true,
          "items" : {
            "type" : "string"
          }
        },
        "RepositoryName" : {
          "description" : "The name of the container repository that Amazon Inspector scans to identify findings for your container images. The name includes the path for the repository location. If you don't provide this information, Image Builder creates a repository in your account named image-builder-image-scanning-repository to use for vulnerability scans for your output container images.",
          "type" : "string"
        }
      }
    },
    "Schedule" : {
      "description" : "The schedule of the image pipeline.",
      "type" : "object",
      "additionalProperties" : false,
      "properties" : {
        "ScheduleExpression" : {
          "description" : "The expression determines how often EC2 Image Builder evaluates your pipelineExecutionStartCondition.",
          "type" : "string"
        },
        "PipelineExecutionStartCondition" : {
          "description" : "The condition configures when the pipeline should trigger a new image build.",
          "type" : "string",
          "enum" : [ "EXPRESSION_MATCH_ONLY", "EXPRESSION_MATCH_AND_DEPENDENCY_UPDATES_AVAILABLE" ]
        }
      }
    }
  },
  "additionalProperties" : false,
  "oneOf" : [ {
    "required" : [ "Name", "ContainerRecipeArn", "InfrastructureConfigurationArn" ]
  }, {
    "required" : [ "Name", "ImageRecipeArn", "InfrastructureConfigurationArn" ]
  } ],
  "primaryIdentifier" : [ "/properties/Arn" ],
  "readOnlyProperties" : [ "/properties/Arn" ],
  "createOnlyProperties" : [ "/properties/Name" ],
  "tagging" : {
    "taggable" : false
  },
  "handlers" : {
    "create" : {
      "permissions" : [ "ecr:BatchGetRepositoryScanningConfiguration", "iam:GetRole", "iam:CreateServiceLinkedRole", "imagebuilder:TagResource", "imagebuilder:GetImagePipeline", "imagebuilder:GetImageRecipe", "imagebuilder:GetInfrastructureConfiguration", "imagebuilder:GetDistributionConfiguration", "imagebuilder:CreateImagePipeline", "inspector2:BatchGetAccountStatus" ]
    },
    "update" : {
      "permissions" : [ "imagebuilder:GetImagePipeline", "imagebuilder:UpdateImagePipeline" ]
    },
    "read" : {
      "permissions" : [ "imagebuilder:GetImagePipeline" ]
    },
    "delete" : {
      "permissions" : [ "imagebuilder:UnTagResource", "imagebuilder:GetImagePipeline", "imagebuilder:DeleteImagePipeline" ]
    },
    "list" : {
      "permissions" : [ "imagebuilder:ListImagePipelines" ]
    }
  }
}