{
  "typeName" : "AWS::Lambda::Alias",
  "description" : "Resource Type definition for AWS::Lambda::Alias",
  "additionalProperties" : false,
  "properties" : {
    "FunctionName" : {
      "type" : "string"
    },
    "ProvisionedConcurrencyConfig" : {
      "$ref" : "#/definitions/ProvisionedConcurrencyConfiguration"
    },
    "Description" : {
      "type" : "string"
    },
    "FunctionVersion" : {
      "type" : "string"
    },
    "Id" : {
      "type" : "string"
    },
    "RoutingConfig" : {
      "$ref" : "#/definitions/AliasRoutingConfiguration"
    },
    "Name" : {
      "type" : "string"
    }
  },
  "definitions" : {
    "ProvisionedConcurrencyConfiguration" : {
      "type" : "object",
      "additionalProperties" : false,
      "properties" : {
        "ProvisionedConcurrentExecutions" : {
          "type" : "integer"
        }
      },
      "required" : [ "ProvisionedConcurrentExecutions" ]
    },
    "VersionWeight" : {
      "type" : "object",
      "additionalProperties" : false,
      "properties" : {
        "FunctionWeight" : {
          "type" : "number"
        },
        "FunctionVersion" : {
          "type" : "string"
        }
      },
      "required" : [ "FunctionVersion", "FunctionWeight" ]
    },
    "AliasRoutingConfiguration" : {
      "type" : "object",
      "additionalProperties" : false,
      "properties" : {
        "AdditionalVersionWeights" : {
          "type" : "array",
          "uniqueItems" : true,
          "items" : {
            "$ref" : "#/definitions/VersionWeight"
          }
        }
      },
      "required" : [ "AdditionalVersionWeights" ]
    }
  },
  "required" : [ "FunctionName", "FunctionVersion", "Name" ],
  "createOnlyProperties" : [ "/properties/Name", "/properties/FunctionName" ],
  "primaryIdentifier" : [ "/properties/Id" ],
  "readOnlyProperties" : [ "/properties/Id" ]
}