{
  "typeName" : "AWS::ApiGateway::DocumentationVersion",
  "description" : "The ``AWS::ApiGateway::DocumentationVersion`` resource creates a snapshot of the documentation for an API. For more information, see [Representation of API Documentation in API Gateway](https://docs.aws.amazon.com/apigateway/latest/developerguide/api-gateway-documenting-api-content-representation.html) in the *API Gateway Developer Guide*.",
  "sourceUrl" : "https://github.com/aws-cloudformation/aws-cloudformation-resource-providers-apigateway",
  "definitions" : { },
  "properties" : {
    "Description" : {
      "description" : "A description about the new documentation snapshot.",
      "type" : "string"
    },
    "DocumentationVersion" : {
      "description" : "The version identifier of the to-be-updated documentation version.",
      "type" : "string",
      "minLength" : 1
    },
    "RestApiId" : {
      "description" : "The string identifier of the associated RestApi.",
      "type" : "string",
      "minLength" : 1
    }
  },
  "additionalProperties" : false,
  "required" : [ "DocumentationVersion", "RestApiId" ],
  "createOnlyProperties" : [ "/properties/DocumentationVersion", "/properties/RestApiId" ],
  "primaryIdentifier" : [ "/properties/DocumentationVersion", "/properties/RestApiId" ],
  "handlers" : {
    "create" : {
      "permissions" : [ "apigateway:GET", "apigateway:POST" ]
    },
    "read" : {
      "permissions" : [ "apigateway:GET" ]
    },
    "update" : {
      "permissions" : [ "apigateway:GET", "apigateway:PATCH" ]
    },
    "delete" : {
      "permissions" : [ "apigateway:DELETE" ]
    },
    "list" : {
      "handlerSchema" : {
        "properties" : {
          "RestApiId" : {
            "$ref" : "resource-schema.json#/properties/RestApiId"
          }
        },
        "required" : [ "RestApiId" ]
      },
      "permissions" : [ "apigateway:GET" ]
    }
  }
}