{
  "typeName" : "AWS::WorkSpacesWeb::Portal",
  "description" : "Definition of AWS::WorkSpacesWeb::Portal Resource Type",
  "definitions" : {
    "AuthenticationType" : {
      "type" : "string",
      "enum" : [ "Standard", "IAM_Identity_Center" ]
    },
    "BrowserType" : {
      "type" : "string",
      "enum" : [ "Chrome" ]
    },
    "EncryptionContextMap" : {
      "type" : "object",
      "patternProperties" : {
        "^[\\s\\S]*$" : {
          "type" : "string",
          "maxLength" : 131072,
          "minLength" : 0,
          "pattern" : "^[\\s\\S]*$"
        }
      },
      "additionalProperties" : false
    },
    "PortalStatus" : {
      "type" : "string",
      "enum" : [ "Incomplete", "Pending", "Active" ]
    },
    "RendererType" : {
      "type" : "string",
      "enum" : [ "AppStream" ]
    },
    "Tag" : {
      "type" : "object",
      "properties" : {
        "Key" : {
          "type" : "string",
          "maxLength" : 128,
          "minLength" : 1,
          "pattern" : "^([\\p{L}\\p{Z}\\p{N}_.:/=+\\-@]*)$"
        },
        "Value" : {
          "type" : "string",
          "maxLength" : 256,
          "minLength" : 0,
          "pattern" : "^([\\p{L}\\p{Z}\\p{N}_.:/=+\\-@]*)$"
        }
      },
      "required" : [ "Key", "Value" ],
      "additionalProperties" : false
    }
  },
  "properties" : {
    "AdditionalEncryptionContext" : {
      "$ref" : "#/definitions/EncryptionContextMap"
    },
    "AuthenticationType" : {
      "$ref" : "#/definitions/AuthenticationType"
    },
    "BrowserSettingsArn" : {
      "type" : "string",
      "maxLength" : 2048,
      "minLength" : 20,
      "pattern" : "^arn:[\\w+=\\/,.@-]+:[a-zA-Z0-9\\-]+:[a-zA-Z0-9\\-]*:[a-zA-Z0-9]{1,12}:[a-zA-Z]+(\\/[a-fA-F0-9\\-]{36})+$"
    },
    "BrowserType" : {
      "$ref" : "#/definitions/BrowserType"
    },
    "CreationDate" : {
      "type" : "string",
      "format" : "date-time"
    },
    "CustomerManagedKey" : {
      "type" : "string",
      "maxLength" : 2048,
      "minLength" : 20,
      "pattern" : "^arn:[\\w+=\\/,.@-]+:kms:[a-zA-Z0-9\\-]*:[a-zA-Z0-9]{1,12}:key\\/[a-zA-Z0-9-]+$"
    },
    "DisplayName" : {
      "type" : "string",
      "maxLength" : 64,
      "minLength" : 1,
      "pattern" : "^.+$"
    },
    "IpAccessSettingsArn" : {
      "type" : "string",
      "maxLength" : 2048,
      "minLength" : 20,
      "pattern" : "^arn:[\\w+=\\/,.@-]+:[a-zA-Z0-9\\-]+:[a-zA-Z0-9\\-]*:[a-zA-Z0-9]{1,12}:[a-zA-Z]+(\\/[a-fA-F0-9\\-]{36})+$"
    },
    "NetworkSettingsArn" : {
      "type" : "string",
      "maxLength" : 2048,
      "minLength" : 20,
      "pattern" : "^arn:[\\w+=\\/,.@-]+:[a-zA-Z0-9\\-]+:[a-zA-Z0-9\\-]*:[a-zA-Z0-9]{1,12}:[a-zA-Z]+(\\/[a-fA-F0-9\\-]{36})+$"
    },
    "PortalArn" : {
      "type" : "string",
      "maxLength" : 2048,
      "minLength" : 20,
      "pattern" : "^arn:[\\w+=\\/,.@-]+:[a-zA-Z0-9\\-]+:[a-zA-Z0-9\\-]*:[a-zA-Z0-9]{1,12}:[a-zA-Z]+(\\/[a-fA-F0-9\\-]{36})+$"
    },
    "PortalEndpoint" : {
      "type" : "string",
      "maxLength" : 253,
      "minLength" : 1,
      "pattern" : "^[a-zA-Z0-9]?((?!-)([A-Za-z0-9-]*[A-Za-z0-9])\\.)+[a-zA-Z0-9]+$"
    },
    "PortalStatus" : {
      "$ref" : "#/definitions/PortalStatus"
    },
    "RendererType" : {
      "$ref" : "#/definitions/RendererType"
    },
    "ServiceProviderSamlMetadata" : {
      "type" : "string",
      "maxLength" : 204800,
      "minLength" : 0,
      "pattern" : "^.*$"
    },
    "StatusReason" : {
      "type" : "string",
      "maxLength" : 1024,
      "minLength" : 1,
      "pattern" : ".*"
    },
    "Tags" : {
      "type" : "array",
      "items" : {
        "$ref" : "#/definitions/Tag"
      },
      "maxItems" : 200,
      "minItems" : 0,
      "insertionOrder" : false
    },
    "TrustStoreArn" : {
      "type" : "string",
      "maxLength" : 2048,
      "minLength" : 20,
      "pattern" : "^arn:[\\w+=\\/,.@-]+:[a-zA-Z0-9\\-]+:[a-zA-Z0-9\\-]*:[a-zA-Z0-9]{1,12}:[a-zA-Z]+(\\/[a-fA-F0-9\\-]{36})+$"
    },
    "UserAccessLoggingSettingsArn" : {
      "type" : "string",
      "maxLength" : 2048,
      "minLength" : 20,
      "pattern" : "^arn:[\\w+=\\/,.@-]+:[a-zA-Z0-9\\-]+:[a-zA-Z0-9\\-]*:[a-zA-Z0-9]{1,12}:[a-zA-Z]+(\\/[a-fA-F0-9\\-]{36})+$"
    },
    "UserSettingsArn" : {
      "type" : "string",
      "maxLength" : 2048,
      "minLength" : 20,
      "pattern" : "^arn:[\\w+=\\/,.@-]+:[a-zA-Z0-9\\-]+:[a-zA-Z0-9\\-]*:[a-zA-Z0-9]{1,12}:[a-zA-Z]+(\\/[a-fA-F0-9\\-]{36})+$"
    }
  },
  "readOnlyProperties" : [ "/properties/BrowserType", "/properties/CreationDate", "/properties/PortalArn", "/properties/PortalEndpoint", "/properties/PortalStatus", "/properties/RendererType", "/properties/ServiceProviderSamlMetadata", "/properties/StatusReason" ],
  "writeOnlyProperties" : [ "/properties/AdditionalEncryptionContext", "/properties/CustomerManagedKey" ],
  "createOnlyProperties" : [ "/properties/AdditionalEncryptionContext", "/properties/CustomerManagedKey" ],
  "primaryIdentifier" : [ "/properties/PortalArn" ],
  "handlers" : {
    "create" : {
      "permissions" : [ "workspaces-web:CreatePortal", "workspaces-web:GetPortal", "workspaces-web:GetPortalServiceProviderMetadata", "workspaces-web:AssociateBrowserSettings", "workspaces-web:AssociateIpAccessSettings", "workspaces-web:AssociateNetworkSettings", "workspaces-web:AssociateTrustStore", "workspaces-web:AssociateUserAccessLoggingSettings", "workspaces-web:AssociateUserSettings", "workspaces-web:ListTagsForResource", "workspaces-web:TagResource", "kms:CreateGrant", "kms:GenerateDataKey", "kms:Decrypt", "ec2:CreateNetworkInterface", "ec2:CreateNetworkInterfacePermission", "ec2:DeleteNetworkInterface", "ec2:DeleteNetworkInterfacePermission", "ec2:ModifyNetworkInterfaceAttribute", "kinesis:PutRecord", "kinesis:PutRecords", "kinesis:DescribeStreamSummary", "sso:CreateManagedApplicationInstance", "sso:DescribeRegisteredRegions" ]
    },
    "read" : {
      "permissions" : [ "workspaces-web:GetPortal", "workspaces-web:GetPortalServiceProviderMetadata", "workspaces-web:ListTagsForResource", "kms:Decrypt" ]
    },
    "update" : {
      "permissions" : [ "workspaces-web:GetPortal", "workspaces-web:GetPortalServiceProviderMetadata", "workspaces-web:UpdatePortal", "workspaces-web:AssociateBrowserSettings", "workspaces-web:AssociateIpAccessSettings", "workspaces-web:AssociateNetworkSettings", "workspaces-web:AssociateTrustStore", "workspaces-web:AssociateUserAccessLoggingSettings", "workspaces-web:AssociateUserSettings", "workspaces-web:DisassociateBrowserSettings", "workspaces-web:DisassociateIpAccessSettings", "workspaces-web:DisassociateNetworkSettings", "workspaces-web:DisassociateTrustStore", "workspaces-web:DisassociateUserAccessLoggingSettings", "workspaces-web:DisassociateUserSettings", "workspaces-web:ListTagsForResource", "workspaces-web:TagResource", "workspaces-web:UntagResource", "kms:CreateGrant", "kms:Encrypt", "kms:GenerateDataKey", "kms:Decrypt", "ec2:CreateNetworkInterface", "ec2:CreateNetworkInterfacePermission", "ec2:DeleteNetworkInterface", "ec2:DeleteNetworkInterfacePermission", "ec2:ModifyNetworkInterfaceAttribute", "kinesis:PutRecord", "kinesis:PutRecords", "kinesis:DescribeStreamSummary", "sso:CreateManagedApplicationInstance", "sso:DeleteManagedApplicationInstance", "sso:DescribeRegisteredRegions", "sso:GetApplicationInstance", "sso:ListApplicationInstances" ]
    },
    "delete" : {
      "permissions" : [ "workspaces-web:GetPortal", "workspaces-web:DeletePortal", "workspaces-web:DisassociateBrowserSettings", "workspaces-web:DisassociateIpAccessSettings", "workspaces-web:DisassociateNetworkSettings", "workspaces-web:DisassociateTrustStore", "workspaces-web:DisassociateUserAccessLoggingSettings", "workspaces-web:DisassociateUserSettings", "kms:Decrypt", "sso:DeleteManagedApplicationInstance" ]
    },
    "list" : {
      "permissions" : [ "workspaces-web:ListPortals", "kms:Decrypt" ]
    }
  },
  "tagging" : {
    "cloudFormationSystemTags" : false,
    "tagOnCreate" : true,
    "tagProperty" : "/properties/Tags",
    "tagUpdatable" : true,
    "taggable" : true
  },
  "additionalProperties" : false
}