{
  "typeName" : "AWS::AppSync::DomainName",
  "description" : "Resource Type definition for AWS::AppSync::DomainName",
  "additionalProperties" : false,
  "properties" : {
    "DomainName" : {
      "type" : "string",
      "minLength" : 1,
      "maxLength" : 253,
      "pattern" : "^(\\*[a-z\\d-]*\\.)?([a-z\\d-]+\\.)+[a-z\\d-]+$"
    },
    "Description" : {
      "type" : "string",
      "minLength" : 0,
      "maxLength" : 255
    },
    "CertificateArn" : {
      "type" : "string",
      "minLength" : 3,
      "maxLength" : 2048,
      "pattern" : "^arn:[a-z-]*:acm:[a-z0-9-]*:\\d{12}:certificate/[0-9A-Za-z_/-]*$"
    },
    "AppSyncDomainName" : {
      "type" : "string"
    },
    "HostedZoneId" : {
      "type" : "string"
    }
  },
  "tagging" : {
    "taggable" : false,
    "tagOnCreate" : false,
    "tagUpdatable" : false,
    "cloudFormationSystemTags" : false
  },
  "required" : [ "DomainName", "CertificateArn" ],
  "primaryIdentifier" : [ "/properties/DomainName" ],
  "readOnlyProperties" : [ "/properties/AppSyncDomainName", "/properties/HostedZoneId" ],
  "createOnlyProperties" : [ "/properties/DomainName", "/properties/CertificateArn" ],
  "handlers" : {
    "create" : {
      "permissions" : [ "appsync:CreateDomainName", "appsync:GetDomainName", "acm:DescribeCertificate", "cloudfront:UpdateDistribution" ]
    },
    "delete" : {
      "permissions" : [ "appsync:GetDomainName", "appsync:DeleteDomainName" ]
    },
    "update" : {
      "permissions" : [ "appsync:UpdateDomainName" ]
    },
    "read" : {
      "permissions" : [ "appsync:GetDomainName" ]
    },
    "list" : {
      "permissions" : [ "appsync:ListDomainNames" ]
    }
  }
}