{
  "typeName" : "AWS::ApiGateway::Model",
  "description" : "The ``AWS::ApiGateway::Model`` resource defines the structure of a request or response payload for an API method.",
  "sourceUrl" : "https://github.com/aws-cloudformation/aws-cloudformation-resource-providers-apigateway",
  "additionalProperties" : false,
  "properties" : {
    "ContentType" : {
      "type" : "string",
      "description" : "The content-type for the model."
    },
    "Description" : {
      "type" : "string",
      "description" : "The description of the model."
    },
    "Name" : {
      "type" : "string",
      "description" : "A name for the model. If you don't specify a name, CFN generates a unique physical ID and uses that ID for the model name. For more information, see [Name Type](https://docs.aws.amazon.com/AWSCloudFormation/latest/UserGuide/aws-properties-name.html).\n  If you specify a name, you cannot perform updates that require replacement of this resource. You can perform updates that require no or some interruption. If you must replace the resource, specify a new name."
    },
    "RestApiId" : {
      "type" : "string",
      "description" : "The string identifier of the associated RestApi."
    },
    "Schema" : {
      "description" : "The schema for the model. For ``application/json`` models, this should be JSON schema draft 4 model. Do not include \"\\*/\" characters in the description of any properties because such \"\\*/\" characters may be interpreted as the closing marker for comments in some languages, such as Java or JavaScript, causing the installation of your API's SDK generated by API Gateway to fail.",
      "type" : [ "object", "string" ]
    }
  },
  "required" : [ "RestApiId" ],
  "createOnlyProperties" : [ "/properties/ContentType", "/properties/Name", "/properties/RestApiId" ],
  "primaryIdentifier" : [ "/properties/RestApiId", "/properties/Name" ],
  "handlers" : {
    "create" : {
      "permissions" : [ "apigateway:POST", "apigateway:GET" ]
    },
    "read" : {
      "permissions" : [ "apigateway:GET" ]
    },
    "update" : {
      "permissions" : [ "apigateway:PATCH", "apigateway:GET" ]
    },
    "delete" : {
      "permissions" : [ "apigateway:GET", "apigateway:DELETE" ]
    },
    "list" : {
      "handlerSchema" : {
        "properties" : {
          "RestApiId" : {
            "$ref" : "resource-schema.json#/properties/RestApiId"
          }
        },
        "required" : [ "RestApiId" ]
      },
      "permissions" : [ "apigateway:GET" ]
    }
  }
}