{
  "typeName" : "AWS::SageMaker::Space",
  "description" : "Resource Type definition for AWS::SageMaker::Space",
  "additionalProperties" : false,
  "properties" : {
    "SpaceArn" : {
      "type" : "string",
      "description" : "The space Amazon Resource Name (ARN).",
      "maxLength" : 256,
      "pattern" : "arn:aws[a-z\\-]*:sagemaker:[a-z0-9\\-]*:[0-9]{12}:space/.*"
    },
    "DomainId" : {
      "type" : "string",
      "description" : "The ID of the associated Domain.",
      "minLength" : 1,
      "maxLength" : 63
    },
    "SpaceName" : {
      "type" : "string",
      "description" : "A name for the Space.",
      "minLength" : 1,
      "maxLength" : 63
    },
    "SpaceSettings" : {
      "$ref" : "#/definitions/SpaceSettings",
      "description" : "A collection of settings.",
      "uniqueItems" : false,
      "minItems" : 0,
      "maxItems" : 50
    },
    "Tags" : {
      "type" : "array",
      "description" : "A list of tags to apply to the space.",
      "uniqueItems" : false,
      "minItems" : 0,
      "maxItems" : 50,
      "items" : {
        "$ref" : "#/definitions/Tag"
      }
    }
  },
  "definitions" : {
    "SpaceSettings" : {
      "type" : "object",
      "description" : "A collection of settings that apply to spaces of Amazon SageMaker Studio. These settings are specified when the CreateSpace API is called.",
      "additionalProperties" : false,
      "properties" : {
        "JupyterServerAppSettings" : {
          "$ref" : "#/definitions/JupyterServerAppSettings",
          "description" : "The Jupyter server's app settings."
        },
        "KernelGatewayAppSettings" : {
          "$ref" : "#/definitions/KernelGatewayAppSettings",
          "description" : "The kernel gateway app settings."
        }
      }
    },
    "JupyterServerAppSettings" : {
      "type" : "object",
      "description" : "The JupyterServer app settings.",
      "additionalProperties" : false,
      "properties" : {
        "DefaultResourceSpec" : {
          "$ref" : "#/definitions/ResourceSpec"
        }
      }
    },
    "ResourceSpec" : {
      "type" : "object",
      "additionalProperties" : false,
      "properties" : {
        "InstanceType" : {
          "type" : "string",
          "description" : "The instance type that the image version runs on.",
          "enum" : [ "system", "ml.t3.micro", "ml.t3.small", "ml.t3.medium", "ml.t3.large", "ml.t3.xlarge", "ml.t3.2xlarge", "ml.m5.large", "ml.m5.xlarge", "ml.m5.2xlarge", "ml.m5.4xlarge", "ml.m5.8xlarge", "ml.m5.12xlarge", "ml.m5.16xlarge", "ml.m5.24xlarge", "ml.c5.large", "ml.c5.xlarge", "ml.c5.2xlarge", "ml.c5.4xlarge", "ml.c5.9xlarge", "ml.c5.12xlarge", "ml.c5.18xlarge", "ml.c5.24xlarge", "ml.p3.2xlarge", "ml.p3.8xlarge", "ml.p3.16xlarge", "ml.g4dn.xlarge", "ml.g4dn.2xlarge", "ml.g4dn.4xlarge", "ml.g4dn.8xlarge", "ml.g4dn.12xlarge", "ml.g4dn.16xlarge", "ml.r5.large", "ml.r5.xlarge", "ml.r5.2xlarge", "ml.r5.4xlarge", "ml.r5.8xlarge", "ml.r5.12xlarge", "ml.r5.16xlarge", "ml.r5.24xlarge", "ml.p3dn.24xlarge", "ml.m5d.large", "ml.m5d.xlarge", "ml.m5d.2xlarge", "ml.m5d.4xlarge", "ml.m5d.8xlarge", "ml.m5d.12xlarge", "ml.m5d.16xlarge", "ml.m5d.24xlarge", "ml.g5.xlarge", "ml.g5.2xlarge", "ml.g5.4xlarge", "ml.g5.8xlarge", "ml.g5.12xlarge", "ml.g5.16xlarge", "ml.g5.24xlarge", "ml.g5.48xlarge", "ml.p4d.24xlarge", "ml.p4de.24xlarge", "ml.geospatial.interactive" ]
        },
        "SageMakerImageArn" : {
          "type" : "string",
          "description" : "The ARN of the SageMaker image that the image version belongs to.",
          "maxLength" : 256,
          "pattern" : "^arn:aws(-[\\w]+)*:sagemaker:.+:[0-9]{12}:image/[a-z0-9]([-.]?[a-z0-9])*$"
        },
        "SageMakerImageVersionArn" : {
          "type" : "string",
          "description" : "The ARN of the image version created on the instance.",
          "maxLength" : 256,
          "pattern" : "^arn:aws(-[\\w]+)*:sagemaker:.+:[0-9]{12}:image-version/[a-z0-9]([-.]?[a-z0-9])*/[0-9]+$"
        }
      }
    },
    "KernelGatewayAppSettings" : {
      "type" : "object",
      "description" : "The kernel gateway app settings.",
      "additionalProperties" : false,
      "properties" : {
        "CustomImages" : {
          "type" : "array",
          "description" : "A list of custom SageMaker images that are configured to run as a KernelGateway app.",
          "uniqueItems" : false,
          "minItems" : 0,
          "maxItems" : 30,
          "items" : {
            "$ref" : "#/definitions/CustomImage"
          }
        },
        "DefaultResourceSpec" : {
          "$ref" : "#/definitions/ResourceSpec",
          "description" : "The default instance type and the Amazon Resource Name (ARN) of the default SageMaker image used by the KernelGateway app."
        }
      }
    },
    "CustomImage" : {
      "type" : "object",
      "description" : "A custom SageMaker image.",
      "additionalProperties" : false,
      "properties" : {
        "AppImageConfigName" : {
          "type" : "string",
          "description" : "The Name of the AppImageConfig.",
          "maxLength" : 63,
          "pattern" : "^[a-zA-Z0-9](-*[a-zA-Z0-9]){0,62}"
        },
        "ImageName" : {
          "type" : "string",
          "description" : "The name of the CustomImage. Must be unique to your account.",
          "maxLength" : 63,
          "pattern" : "^[a-zA-Z0-9]([-.]?[a-zA-Z0-9]){0,62}$"
        },
        "ImageVersionNumber" : {
          "type" : "integer",
          "description" : "The version number of the CustomImage.",
          "minimum" : 0
        }
      },
      "required" : [ "AppImageConfigName", "ImageName" ]
    },
    "Tag" : {
      "type" : "object",
      "additionalProperties" : false,
      "properties" : {
        "Value" : {
          "type" : "string",
          "minLength" : 1,
          "maxLength" : 128
        },
        "Key" : {
          "type" : "string",
          "minLength" : 1,
          "maxLength" : 128
        }
      },
      "required" : [ "Key", "Value" ]
    }
  },
  "required" : [ "DomainId", "SpaceName" ],
  "createOnlyProperties" : [ "/properties/DomainId", "/properties/SpaceName" ],
  "writeOnlyProperties" : [ "/properties/SpaceSettings", "/properties/Tags" ],
  "primaryIdentifier" : [ "/properties/DomainId", "/properties/SpaceName" ],
  "readOnlyProperties" : [ "/properties/SpaceArn" ],
  "tagging" : {
    "taggable" : true,
    "tagOnCreate" : true,
    "tagUpdatable" : true,
    "cloudFormationSystemTags" : false,
    "tagProperty" : "/properties/Tags"
  },
  "handlers" : {
    "create" : {
      "permissions" : [ "sagemaker:CreateSpace", "sagemaker:DescribeSpace" ]
    },
    "read" : {
      "permissions" : [ "sagemaker:DescribeSpace" ]
    },
    "update" : {
      "permissions" : [ "sagemaker:UpdateSpace", "sagemaker:DescribeSpace" ]
    },
    "delete" : {
      "permissions" : [ "sagemaker:DeleteSpace", "sagemaker:DescribeSpace" ]
    },
    "list" : {
      "permissions" : [ "sagemaker:ListSpaces" ]
    }
  }
}