{
  "typeName" : "AWS::HealthImaging::Datastore",
  "description" : "Definition of AWS::HealthImaging::Datastore Resource Type",
  "definitions" : {
    "DatastoreArn" : {
      "type" : "string",
      "maxLength" : 127,
      "minLength" : 1,
      "pattern" : "^arn:aws((-us-gov)|(-iso)|(-iso-b)|(-cn))?:medical-imaging:[a-z0-9-]+:[0-9]{12}:datastore/[0-9a-z]{32}(/imageset/[0-9a-z]{32})?$",
      "description" : "The Datastore's ARN."
    },
    "DatastoreName" : {
      "type" : "string",
      "maxLength" : 256,
      "minLength" : 1,
      "pattern" : "^[A-Za-z0-9._/#-]+$",
      "description" : "User friendly name for Datastore."
    },
    "DatastoreId" : {
      "type" : "string",
      "maxLength" : 32,
      "minLength" : 0,
      "pattern" : "^[0-9a-z]{32}$"
    },
    "DatastoreStatus" : {
      "type" : "string",
      "maxLength" : 127,
      "minLength" : 1,
      "description" : "A string to denote the Datastore's state.",
      "enum" : [ "CREATING", "CREATE_FAILED", "ACTIVE", "DELETING", "DELETED" ]
    },
    "KmsKeyArn" : {
      "type" : "string",
      "maxLength" : 512,
      "minLength" : 1,
      "description" : "ARN referencing a KMS key or KMS key alias."
    },
    "CreatedAt" : {
      "type" : "string",
      "description" : "The timestamp when the data store was created."
    },
    "UpdatedAt" : {
      "type" : "string",
      "description" : "The timestamp when the data store was created."
    },
    "Tags" : {
      "type" : "object",
      "description" : "A Map of key value pairs for Tags.",
      "patternProperties" : {
        "^.+$" : {
          "type" : "string",
          "description" : "The string value for the tag.",
          "maxLength" : 256,
          "minLength" : 0
        }
      },
      "additionalProperties" : false
    }
  },
  "properties" : {
    "DatastoreArn" : {
      "$ref" : "#/definitions/DatastoreArn"
    },
    "DatastoreName" : {
      "$ref" : "#/definitions/DatastoreName"
    },
    "DatastoreId" : {
      "$ref" : "#/definitions/DatastoreId"
    },
    "DatastoreStatus" : {
      "$ref" : "#/definitions/DatastoreStatus"
    },
    "KmsKeyArn" : {
      "$ref" : "#/definitions/KmsKeyArn"
    },
    "CreatedAt" : {
      "$ref" : "#/definitions/CreatedAt"
    },
    "UpdatedAt" : {
      "$ref" : "#/definitions/UpdatedAt"
    },
    "Tags" : {
      "$ref" : "#/definitions/Tags"
    }
  },
  "required" : [ ],
  "readOnlyProperties" : [ "/properties/DatastoreArn", "/properties/CreatedAt", "/properties/UpdatedAt", "/properties/DatastoreId", "/properties/DatastoreStatus" ],
  "createOnlyProperties" : [ "/properties/DatastoreName", "/properties/Tags", "/properties/KmsKeyArn" ],
  "primaryIdentifier" : [ "/properties/DatastoreId" ],
  "tagging" : {
    "taggable" : true,
    "tagOnCreate" : true,
    "tagUpdatable" : false,
    "cloudFormationSystemTags" : false,
    "tagProperty" : "/properties/Tags"
  },
  "handlers" : {
    "create" : {
      "permissions" : [ "medical-imaging:CreateDatastore", "medical-imaging:GetDatastore", "kms:DescribeKey", "kms:CreateGrant", "kms:RetireGrant", "kms:GenerateDataKey", "kms:Decrypt", "lambda:InvokeFunction", "medical-imaging:TagResource", "medical-imaging:UntagResource", "medical-imaging:ListTagsForResource" ]
    },
    "read" : {
      "permissions" : [ "medical-imaging:GetDatastore", "medical-imaging:ListTagsForResource" ]
    },
    "delete" : {
      "permissions" : [ "medical-imaging:DeleteDatastore", "medical-imaging:GetDatastore", "medical-imaging:UntagResource", "kms:DescribeKey", "kms:RetireGrant", "kms:GenerateDataKey", "kms:Decrypt" ]
    },
    "list" : {
      "permissions" : [ "medical-imaging:ListDatastores" ]
    }
  },
  "additionalProperties" : false
}