{
  "typeName" : "AWS::Route53Resolver::ResolverRuleAssociation",
  "description" : "Resource Type definition for AWS::Route53Resolver::ResolverRuleAssociation",
  "additionalProperties" : false,
  "properties" : {
    "VPCId" : {
      "description" : "The ID of the VPC that you associated the Resolver rule with.",
      "type" : "string"
    },
    "ResolverRuleId" : {
      "description" : "The ID of the Resolver rule that you associated with the VPC that is specified by VPCId.",
      "type" : "string"
    },
    "ResolverRuleAssociationId" : {
      "description" : "Primary Identifier for Resolver Rule Association",
      "type" : "string"
    },
    "Name" : {
      "description" : "The name of an association between a Resolver rule and a VPC.",
      "type" : "string"
    }
  },
  "required" : [ "VPCId", "ResolverRuleId" ],
  "readOnlyProperties" : [ "/properties/ResolverRuleAssociationId" ],
  "createOnlyProperties" : [ "/properties/Name", "/properties/VPCId", "/properties/ResolverRuleId" ],
  "primaryIdentifier" : [ "/properties/ResolverRuleAssociationId" ],
  "taggable" : false,
  "handlers" : {
    "create" : {
      "permissions" : [ "route53resolver:AssociateResolverRule", "route53resolver:GetResolverRuleAssociation", "ec2:DescribeVpcs" ]
    },
    "read" : {
      "permissions" : [ "route53resolver:GetResolverRuleAssociation" ]
    },
    "delete" : {
      "permissions" : [ "route53resolver:DisassociateResolverRule", "route53resolver:GetResolverRuleAssociation" ]
    },
    "list" : {
      "permissions" : [ "route53resolver:ListResolverRuleAssociations" ]
    }
  }
}