{
  "typeName" : "AWS::SageMaker::Model",
  "description" : "Resource Type definition for AWS::SageMaker::Model",
  "additionalProperties" : false,
  "properties" : {
    "ExecutionRoleArn" : {
      "type" : "string"
    },
    "EnableNetworkIsolation" : {
      "type" : "boolean"
    },
    "PrimaryContainer" : {
      "$ref" : "#/definitions/ContainerDefinition"
    },
    "ModelName" : {
      "type" : "string"
    },
    "VpcConfig" : {
      "$ref" : "#/definitions/VpcConfig"
    },
    "Containers" : {
      "type" : "array",
      "uniqueItems" : false,
      "items" : {
        "$ref" : "#/definitions/ContainerDefinition"
      }
    },
    "InferenceExecutionConfig" : {
      "$ref" : "#/definitions/InferenceExecutionConfig"
    },
    "Id" : {
      "type" : "string"
    },
    "Tags" : {
      "type" : "array",
      "uniqueItems" : false,
      "items" : {
        "$ref" : "#/definitions/Tag"
      }
    }
  },
  "definitions" : {
    "ImageConfig" : {
      "type" : "object",
      "additionalProperties" : false,
      "properties" : {
        "RepositoryAuthConfig" : {
          "$ref" : "#/definitions/RepositoryAuthConfig"
        },
        "RepositoryAccessMode" : {
          "type" : "string"
        }
      },
      "required" : [ "RepositoryAccessMode" ]
    },
    "VpcConfig" : {
      "type" : "object",
      "additionalProperties" : false,
      "properties" : {
        "SecurityGroupIds" : {
          "type" : "array",
          "uniqueItems" : false,
          "items" : {
            "type" : "string"
          }
        },
        "Subnets" : {
          "type" : "array",
          "uniqueItems" : false,
          "items" : {
            "type" : "string"
          }
        }
      },
      "required" : [ "Subnets", "SecurityGroupIds" ]
    },
    "RepositoryAuthConfig" : {
      "type" : "object",
      "additionalProperties" : false,
      "properties" : {
        "RepositoryCredentialsProviderArn" : {
          "type" : "string"
        }
      },
      "required" : [ "RepositoryCredentialsProviderArn" ]
    },
    "S3DataSource" : {
      "type" : "object",
      "additionalProperties" : false,
      "properties" : {
        "S3DataType" : {
          "type" : "string"
        },
        "CompressionType" : {
          "type" : "string"
        },
        "S3Uri" : {
          "type" : "string"
        }
      },
      "required" : [ "S3Uri", "S3DataType", "CompressionType" ]
    },
    "ContainerDefinition" : {
      "type" : "object",
      "additionalProperties" : false,
      "properties" : {
        "ImageConfig" : {
          "$ref" : "#/definitions/ImageConfig"
        },
        "InferenceSpecificationName" : {
          "type" : "string"
        },
        "ContainerHostname" : {
          "type" : "string"
        },
        "ModelPackageName" : {
          "type" : "string"
        },
        "Mode" : {
          "type" : "string"
        },
        "Environment" : {
          "type" : "object"
        },
        "ModelDataUrl" : {
          "type" : "string"
        },
        "Image" : {
          "type" : "string"
        },
        "ModelDataSource" : {
          "$ref" : "#/definitions/ModelDataSource"
        },
        "MultiModelConfig" : {
          "$ref" : "#/definitions/MultiModelConfig"
        }
      }
    },
    "InferenceExecutionConfig" : {
      "type" : "object",
      "additionalProperties" : false,
      "properties" : {
        "Mode" : {
          "type" : "string"
        }
      },
      "required" : [ "Mode" ]
    },
    "Tag" : {
      "type" : "object",
      "additionalProperties" : false,
      "properties" : {
        "Value" : {
          "type" : "string"
        },
        "Key" : {
          "type" : "string"
        }
      },
      "required" : [ "Value", "Key" ]
    },
    "ModelDataSource" : {
      "type" : "object",
      "additionalProperties" : false,
      "properties" : {
        "S3DataSource" : {
          "$ref" : "#/definitions/S3DataSource"
        }
      },
      "required" : [ "S3DataSource" ]
    },
    "MultiModelConfig" : {
      "type" : "object",
      "additionalProperties" : false,
      "properties" : {
        "ModelCacheSetting" : {
          "type" : "string"
        }
      }
    }
  },
  "createOnlyProperties" : [ "/properties/ExecutionRoleArn", "/properties/EnableNetworkIsolation", "/properties/InferenceExecutionConfig", "/properties/PrimaryContainer", "/properties/ModelName", "/properties/VpcConfig", "/properties/Containers" ],
  "primaryIdentifier" : [ "/properties/Id" ],
  "readOnlyProperties" : [ "/properties/Id" ]
}