{
  "typeName" : "AWS::Cassandra::Table",
  "description" : "Resource schema for AWS::Cassandra::Table",
  "definitions" : {
    "Column" : {
      "type" : "object",
      "properties" : {
        "ColumnName" : {
          "type" : "string",
          "pattern" : "^[a-zA-Z0-9][a-zA-Z0-9_]{1,47}$"
        },
        "ColumnType" : {
          "type" : "string"
        }
      },
      "required" : [ "ColumnName", "ColumnType" ],
      "additionalProperties" : false
    },
    "ClusteringKeyColumn" : {
      "type" : "object",
      "properties" : {
        "Column" : {
          "$ref" : "#/definitions/Column"
        },
        "OrderBy" : {
          "type" : "string",
          "enum" : [ "ASC", "DESC" ],
          "default" : "ASC"
        }
      },
      "additionalProperties" : false,
      "required" : [ "Column" ]
    },
    "ProvisionedThroughput" : {
      "description" : "Throughput for the specified table, which consists of values for ReadCapacityUnits and WriteCapacityUnits",
      "type" : "object",
      "properties" : {
        "ReadCapacityUnits" : {
          "type" : "integer",
          "minimum" : 1
        },
        "WriteCapacityUnits" : {
          "type" : "integer",
          "minimum" : 1
        }
      },
      "additionalProperties" : false,
      "required" : [ "ReadCapacityUnits", "WriteCapacityUnits" ]
    },
    "Mode" : {
      "description" : "Capacity mode for the specified table",
      "type" : "string",
      "enum" : [ "PROVISIONED", "ON_DEMAND" ],
      "default" : "ON_DEMAND"
    },
    "BillingMode" : {
      "type" : "object",
      "properties" : {
        "Mode" : {
          "$ref" : "#/definitions/Mode"
        },
        "ProvisionedThroughput" : {
          "$ref" : "#/definitions/ProvisionedThroughput"
        }
      },
      "required" : [ "Mode" ],
      "additionalProperties" : false
    },
    "Tag" : {
      "description" : "A key-value pair to apply to the resource",
      "type" : "object",
      "additionalProperties" : false,
      "properties" : {
        "Key" : {
          "type" : "string",
          "minLength" : 1,
          "maxLength" : 128
        },
        "Value" : {
          "type" : "string",
          "minLength" : 1,
          "maxLength" : 256
        }
      },
      "required" : [ "Value", "Key" ]
    },
    "EncryptionSpecification" : {
      "description" : "Represents the settings used to enable server-side encryption",
      "type" : "object",
      "properties" : {
        "EncryptionType" : {
          "$ref" : "#/definitions/EncryptionType"
        },
        "KmsKeyIdentifier" : {
          "$ref" : "#/definitions/KmsKeyIdentifier"
        }
      },
      "required" : [ "EncryptionType" ],
      "additionalProperties" : false
    },
    "EncryptionType" : {
      "description" : "Server-side encryption type",
      "type" : "string",
      "enum" : [ "AWS_OWNED_KMS_KEY", "CUSTOMER_MANAGED_KMS_KEY" ],
      "default" : "AWS_OWNED_KMS_KEY"
    },
    "KmsKeyIdentifier" : {
      "description" : "The AWS KMS customer master key (CMK) that should be used for the AWS KMS encryption. To specify a CMK, use its key ID, Amazon Resource Name (ARN), alias name, or alias ARN. ",
      "type" : "string"
    }
  },
  "properties" : {
    "KeyspaceName" : {
      "description" : "Name for Cassandra keyspace",
      "type" : "string",
      "pattern" : "^[a-zA-Z0-9][a-zA-Z0-9_]{1,47}$"
    },
    "TableName" : {
      "description" : "Name for Cassandra table",
      "type" : "string",
      "pattern" : "^[a-zA-Z0-9][a-zA-Z0-9_]{1,47}$"
    },
    "RegularColumns" : {
      "description" : "Non-key columns of the table",
      "type" : "array",
      "uniqueItems" : true,
      "insertionOrder" : false,
      "items" : {
        "$ref" : "#/definitions/Column"
      }
    },
    "PartitionKeyColumns" : {
      "description" : "Partition key columns of the table",
      "type" : "array",
      "minItems" : 1,
      "uniqueItems" : true,
      "insertionOrder" : true,
      "items" : {
        "$ref" : "#/definitions/Column"
      }
    },
    "ClusteringKeyColumns" : {
      "description" : "Clustering key columns of the table",
      "type" : "array",
      "uniqueItems" : true,
      "insertionOrder" : true,
      "items" : {
        "$ref" : "#/definitions/ClusteringKeyColumn"
      }
    },
    "BillingMode" : {
      "$ref" : "#/definitions/BillingMode"
    },
    "PointInTimeRecoveryEnabled" : {
      "description" : "Indicates whether point in time recovery is enabled (true) or disabled (false) on the table",
      "type" : "boolean"
    },
    "ClientSideTimestampsEnabled" : {
      "description" : "Indicates whether client side timestamps are enabled (true) or disabled (false) on the table. False by default, once it is enabled it cannot be disabled again.",
      "type" : "boolean"
    },
    "Tags" : {
      "description" : "An array of key-value pairs to apply to this resource",
      "type" : "array",
      "uniqueItems" : true,
      "items" : {
        "$ref" : "#/definitions/Tag"
      },
      "minItems" : 0,
      "maxItems" : 50
    },
    "DefaultTimeToLive" : {
      "description" : "Default TTL (Time To Live) in seconds, where zero is disabled. If the value is greater than zero, TTL is enabled for the entire table and an expiration timestamp is added to each column.",
      "type" : "integer",
      "minimum" : 0
    },
    "EncryptionSpecification" : {
      "$ref" : "#/definitions/EncryptionSpecification"
    }
  },
  "additionalProperties" : false,
  "required" : [ "KeyspaceName", "PartitionKeyColumns" ],
  "createOnlyProperties" : [ "/properties/KeyspaceName", "/properties/TableName", "/properties/PartitionKeyColumns", "/properties/ClusteringKeyColumns", "/properties/ClientSideTimestampsEnabled" ],
  "primaryIdentifier" : [ "/properties/KeyspaceName", "/properties/TableName" ],
  "handlers" : {
    "create" : {
      "permissions" : [ "cassandra:Create", "cassandra:CreateMultiRegionResource", "cassandra:Select", "cassandra:SelectMultiRegionResource", "cassandra:TagResource", "cassandra:TagMultiRegionResource", "kms:CreateGrant", "kms:DescribeKey", "kms:Encrypt", "kms:Decrypt" ]
    },
    "read" : {
      "permissions" : [ "cassandra:Select", "cassandra:SelectMultiRegionResource" ]
    },
    "update" : {
      "permissions" : [ "cassandra:Alter", "cassandra:AlterMultiRegionResource", "cassandra:Select", "cassandra:SelectMultiRegionResource", "cassandra:TagResource", "cassandra:TagMultiRegionResource", "cassandra:UntagResource", "cassandra:UntagMultiRegionResource", "kms:CreateGrant", "kms:DescribeKey", "kms:Encrypt", "kms:Decrypt" ]
    },
    "delete" : {
      "permissions" : [ "cassandra:Drop", "cassandra:DropMultiRegionResource", "cassandra:Select", "cassandra:SelectMultiRegionResource" ]
    },
    "list" : {
      "permissions" : [ "cassandra:Select", "cassandra:SelectMultiRegionResource" ]
    }
  }
}