{
  "typeName" : "AWS::ApiGateway::GatewayResponse",
  "description" : "The ``AWS::ApiGateway::GatewayResponse`` resource creates a gateway response for your API. For more information, see [API Gateway Responses](https://docs.aws.amazon.com/apigateway/latest/developerguide/customize-gateway-responses.html#api-gateway-gatewayResponse-definition) in the *API Gateway Developer Guide*.",
  "sourceUrl" : "https://github.com/aws-cloudformation/aws-cloudformation-rpdk.git",
  "additionalProperties" : false,
  "properties" : {
    "Id" : {
      "description" : "",
      "type" : "string"
    },
    "RestApiId" : {
      "description" : "The string identifier of the associated RestApi.",
      "type" : "string"
    },
    "ResponseType" : {
      "description" : "The response type of the associated GatewayResponse.",
      "type" : "string"
    },
    "StatusCode" : {
      "description" : "The HTTP status code for this GatewayResponse.",
      "type" : "string"
    },
    "ResponseParameters" : {
      "description" : "Response parameters (paths, query strings and headers) of the GatewayResponse as a string-to-string map of key-value pairs.",
      "type" : "object",
      "additionalProperties" : false,
      "patternProperties" : {
        "[a-zA-Z0-9]+" : {
          "type" : "string"
        }
      }
    },
    "ResponseTemplates" : {
      "description" : "Response templates of the GatewayResponse as a string-to-string map of key-value pairs.",
      "type" : "object",
      "additionalProperties" : false,
      "patternProperties" : {
        "[a-zA-Z0-9]+" : {
          "type" : "string"
        }
      }
    }
  },
  "required" : [ "ResponseType", "RestApiId" ],
  "createOnlyProperties" : [ "/properties/ResponseType", "/properties/RestApiId" ],
  "primaryIdentifier" : [ "/properties/Id" ],
  "readOnlyProperties" : [ "/properties/Id" ],
  "taggable" : false,
  "handlers" : {
    "create" : {
      "permissions" : [ "apigateway:PUT", "apigateway:GET" ]
    },
    "update" : {
      "permissions" : [ "apigateway:GET", "apigateway:PUT" ]
    },
    "delete" : {
      "permissions" : [ "apigateway:GET", "apigateway:DELETE" ]
    },
    "list" : {
      "permissions" : [ "apigateway:GET" ]
    }
  }
}