{
  "typeName" : "AWS::Cognito::UserPoolUser",
  "description" : "Resource Type definition for AWS::Cognito::UserPoolUser",
  "sourceUrl" : "https://github.com/aws-cloudformation/aws-cloudformation-rpdk.git",
  "tagging" : {
    "taggable" : false,
    "tagOnCreate" : false,
    "tagUpdatable" : false,
    "cloudFormationSystemTags" : false
  },
  "definitions" : {
    "AttributeType" : {
      "type" : "object",
      "properties" : {
        "Name" : {
          "type" : "string"
        },
        "Value" : {
          "type" : "string"
        }
      },
      "additionalProperties" : false
    }
  },
  "properties" : {
    "DesiredDeliveryMediums" : {
      "type" : "array",
      "items" : {
        "type" : "string"
      }
    },
    "ForceAliasCreation" : {
      "type" : "boolean"
    },
    "UserAttributes" : {
      "type" : "array",
      "items" : {
        "$ref" : "#/definitions/AttributeType"
      }
    },
    "MessageAction" : {
      "type" : "string"
    },
    "Username" : {
      "type" : "string"
    },
    "UserPoolId" : {
      "type" : "string"
    },
    "ValidationData" : {
      "type" : "array",
      "items" : {
        "$ref" : "#/definitions/AttributeType"
      }
    },
    "ClientMetadata" : {
      "type" : "object",
      "patternProperties" : {
        "^([\\p{L}\\p{Z}\\p{N}_.:/=+\\-@]*)$" : {
          "type" : "string"
        }
      },
      "additionalProperties" : false
    }
  },
  "additionalProperties" : false,
  "required" : [ "UserPoolId" ],
  "primaryIdentifier" : [ "/properties/UserPoolId", "/properties/Username" ],
  "createOnlyProperties" : [ "/properties/DesiredDeliveryMediums", "/properties/ForceAliasCreation", "/properties/UserAttributes", "/properties/Username", "/properties/UserPoolId", "/properties/ValidationData", "/properties/ClientMetadata", "/properties/MessageAction" ],
  "writeOnlyProperties" : [ "/properties/DesiredDeliveryMediums", "/properties/ForceAliasCreation", "/properties/ValidationData", "/properties/ClientMetadata", "/properties/MessageAction" ],
  "handlers" : {
    "create" : {
      "permissions" : [ "cognito-idp:AdminCreateUser", "iam:PassRole" ],
      "timeoutInMinutes" : 2
    },
    "read" : {
      "permissions" : [ "cognito-idp:AdminGetUser" ]
    },
    "delete" : {
      "permissions" : [ "cognito-idp:AdminDeleteUser" ],
      "timeoutInMinutes" : 2
    },
    "list" : {
      "handlerSchema" : {
        "properties" : {
          "UserPoolId" : {
            "$ref" : "resource-schema.json#/properties/UserPoolId"
          }
        },
        "required" : [ "UserPoolId" ]
      },
      "permissions" : [ "cognito-idp:ListUsers" ]
    }
  }
}