{
  "typeName" : "AWS::MediaPackageV2::ChannelPolicy",
  "description" : "Definition of AWS::MediaPackageV2::ChannelPolicy Resource Type",
  "properties" : {
    "ChannelGroupName" : {
      "type" : "string",
      "maxLength" : 256,
      "minLength" : 1,
      "pattern" : "^[a-zA-Z0-9_-]+$"
    },
    "ChannelName" : {
      "type" : "string",
      "maxLength" : 256,
      "minLength" : 1,
      "pattern" : "^[a-zA-Z0-9_-]+$"
    },
    "Policy" : {
      "type" : [ "object", "string" ]
    }
  },
  "required" : [ "Policy" ],
  "createOnlyProperties" : [ "/properties/ChannelGroupName", "/properties/ChannelName" ],
  "primaryIdentifier" : [ "/properties/ChannelGroupName", "/properties/ChannelName" ],
  "handlers" : {
    "create" : {
      "permissions" : [ "mediapackagev2:GetChannelPolicy", "mediapackagev2:PutChannelPolicy" ]
    },
    "read" : {
      "permissions" : [ "mediapackagev2:GetChannelPolicy" ]
    },
    "update" : {
      "permissions" : [ "mediapackagev2:GetChannelPolicy", "mediapackagev2:PutChannelPolicy" ]
    },
    "delete" : {
      "permissions" : [ "mediapackagev2:GetChannelPolicy", "mediapackagev2:DeleteChannelPolicy" ]
    }
  },
  "tagging" : {
    "taggable" : false,
    "tagOnCreate" : false,
    "tagUpdatable" : false,
    "cloudFormationSystemTags" : false
  },
  "sourceUrl" : "https://github.com/aws-cloudformation/aws-cloudformation-resource-providers-mediapackagev2",
  "additionalProperties" : false
}