{
  "typeName" : "AWS::ApplicationAutoScaling::ScalableTarget",
  "description" : "Resource Type definition for AWS::ApplicationAutoScaling::ScalableTarget",
  "sourceUrl" : "https://github.com/aws-cloudformation/aws-cloudformation-rpdk.git",
  "additionalProperties" : false,
  "definitions" : {
    "SuspendedState" : {
      "type" : "object",
      "additionalProperties" : false,
      "description" : "specifies whether the scaling activities for a scalable target are in a suspended state",
      "properties" : {
        "ScheduledScalingSuspended" : {
          "type" : "boolean"
        },
        "DynamicScalingOutSuspended" : {
          "type" : "boolean"
        },
        "DynamicScalingInSuspended" : {
          "type" : "boolean"
        }
      }
    },
    "ScheduledAction" : {
      "type" : "object",
      "additionalProperties" : false,
      "description" : "specifies a scheduled action for a scalable target",
      "properties" : {
        "Timezone" : {
          "type" : "string"
        },
        "ScheduledActionName" : {
          "type" : "string"
        },
        "EndTime" : {
          "type" : "string"
        },
        "Schedule" : {
          "type" : "string"
        },
        "StartTime" : {
          "type" : "string"
        },
        "ScalableTargetAction" : {
          "$ref" : "#/definitions/ScalableTargetAction"
        }
      },
      "required" : [ "ScheduledActionName", "Schedule" ]
    },
    "ScalableTargetAction" : {
      "type" : "object",
      "additionalProperties" : false,
      "description" : "specifies the minimum and maximum capacity",
      "properties" : {
        "MinCapacity" : {
          "type" : "integer"
        },
        "MaxCapacity" : {
          "type" : "integer"
        }
      }
    }
  },
  "properties" : {
    "Id" : {
      "description" : "This value can be returned by using the Ref function. Ref returns the Cloudformation generated ID of the resource in format - ResourceId|ScalableDimension|ServiceNamespace",
      "type" : "string"
    },
    "MaxCapacity" : {
      "description" : "The maximum value that you plan to scale in to. When a scaling policy is in effect, Application Auto Scaling can scale in (contract) as needed to the minimum capacity limit in response to changing demand",
      "type" : "integer"
    },
    "MinCapacity" : {
      "description" : "The minimum value that you plan to scale in to. When a scaling policy is in effect, Application Auto Scaling can scale in (contract) as needed to the minimum capacity limit in response to changing demand",
      "type" : "integer"
    },
    "ResourceId" : {
      "description" : "The identifier of the resource associated with the scalable target",
      "type" : "string"
    },
    "RoleARN" : {
      "description" : "Specify the Amazon Resource Name (ARN) of an Identity and Access Management (IAM) role that allows Application Auto Scaling to modify the scalable target on your behalf. ",
      "type" : "string"
    },
    "ScalableDimension" : {
      "description" : "The scalable dimension associated with the scalable target. This string consists of the service namespace, resource type, and scaling property",
      "type" : "string"
    },
    "ScheduledActions" : {
      "description" : "The scheduled actions for the scalable target. Duplicates aren't allowed.",
      "type" : "array",
      "uniqueItems" : true,
      "insertionOrder" : false,
      "items" : {
        "$ref" : "#/definitions/ScheduledAction"
      }
    },
    "ServiceNamespace" : {
      "description" : "The namespace of the AWS service that provides the resource, or a custom-resource",
      "type" : "string"
    },
    "SuspendedState" : {
      "description" : "An embedded object that contains attributes and attribute values that are used to suspend and resume automatic scaling. Setting the value of an attribute to true suspends the specified scaling activities. Setting it to false (default) resumes the specified scaling activities.",
      "$ref" : "#/definitions/SuspendedState"
    }
  },
  "required" : [ "ResourceId", "ServiceNamespace", "ScalableDimension", "MinCapacity", "MaxCapacity" ],
  "createOnlyProperties" : [ "/properties/ResourceId", "/properties/ScalableDimension", "/properties/ServiceNamespace" ],
  "primaryIdentifier" : [ "/properties/ResourceId", "/properties/ScalableDimension", "/properties/ServiceNamespace" ],
  "readOnlyProperties" : [ "/properties/Id" ],
  "writeOnlyProperties" : [ "/properties/RoleARN" ],
  "tagging" : {
    "taggable" : false,
    "tagOnCreate" : false,
    "tagUpdatable" : false,
    "cloudFormationSystemTags" : false
  },
  "handlers" : {
    "create" : {
      "permissions" : [ "application-autoscaling:DescribeScalableTargets", "application-autoscaling:RegisterScalableTarget", "application-autoscaling:DescribeScheduledActions", "application-autoscaling:PutScheduledAction", "iam:PassRole", "iam:CreateServiceLinkedRole", "cloudwatch:PutMetricAlarm", "cloudwatch:DeleteAlarms", "cloudwatch:DescribeAlarms", "lambda:GetProvisionedConcurrencyConfig", "lambda:PutProvisionedConcurrencyConfig", "lambda:DeleteProvisionedConcurrencyConfig" ]
    },
    "read" : {
      "permissions" : [ "application-autoscaling:DescribeScalableTargets", "application-autoscaling:DescribeScheduledActions" ]
    },
    "list" : {
      "permissions" : [ "application-autoscaling:DescribeScalableTargets" ]
    },
    "update" : {
      "permissions" : [ "application-autoscaling:RegisterScalableTarget", "application-autoscaling:DescribeScalableTargets", "application-autoscaling:DescribeScheduledActions", "application-autoscaling:DeleteScheduledAction", "application-autoscaling:PutScheduledAction", "cloudwatch:PutMetricAlarm", "cloudwatch:DeleteAlarms", "cloudwatch:DescribeAlarms", "lambda:GetProvisionedConcurrencyConfig", "lambda:PutProvisionedConcurrencyConfig", "lambda:DeleteProvisionedConcurrencyConfig" ]
    },
    "delete" : {
      "permissions" : [ "application-autoscaling:DeregisterScalableTarget" ]
    }
  }
}