{
  "typeName" : "AWS::Location::RouteCalculator",
  "description" : "Definition of AWS::Location::RouteCalculator Resource Type",
  "definitions" : {
    "PricingPlan" : {
      "type" : "string",
      "enum" : [ "RequestBasedUsage" ]
    },
    "iso8601UTC" : {
      "description" : "The datetime value in ISO 8601 format. The timezone is always UTC. (YYYY-MM-DDThh:mm:ss.sssZ)",
      "type" : "string",
      "pattern" : "^([0-2]\\d{3})-(0[0-9]|1[0-2])-([0-2]\\d|3[01])T([01]\\d|2[0-4]):([0-5]\\d):([0-6]\\d)((\\.\\d{3})?)Z$"
    }
  },
  "properties" : {
    "CalculatorArn" : {
      "type" : "string",
      "maxLength" : 1600,
      "pattern" : "^arn(:[a-z0-9]+([.-][a-z0-9]+)*){2}(:([a-z0-9]+([.-][a-z0-9]+)*)?){2}:([^/].*)?$"
    },
    "Arn" : {
      "type" : "string",
      "maxLength" : 1600,
      "pattern" : "^arn(:[a-z0-9]+([.-][a-z0-9]+)*){2}(:([a-z0-9]+([.-][a-z0-9]+)*)?){2}:([^/].*)?$"
    },
    "CalculatorName" : {
      "type" : "string",
      "maxLength" : 100,
      "minLength" : 1,
      "pattern" : "^[-._\\w]+$"
    },
    "CreateTime" : {
      "$ref" : "#/definitions/iso8601UTC"
    },
    "DataSource" : {
      "type" : "string"
    },
    "Description" : {
      "type" : "string",
      "maxLength" : 1000,
      "minLength" : 0
    },
    "PricingPlan" : {
      "$ref" : "#/definitions/PricingPlan"
    },
    "UpdateTime" : {
      "$ref" : "#/definitions/iso8601UTC"
    }
  },
  "readOnlyProperties" : [ "/properties/CalculatorArn", "/properties/Arn", "/properties/CreateTime", "/properties/UpdateTime" ],
  "createOnlyProperties" : [ "/properties/CalculatorName", "/properties/DataSource", "/properties/Description", "/properties/PricingPlan" ],
  "required" : [ "CalculatorName", "DataSource" ],
  "primaryIdentifier" : [ "/properties/CalculatorName" ],
  "additionalProperties" : false,
  "handlers" : {
    "create" : {
      "permissions" : [ "geo:CreateRouteCalculator", "geo:DescribeRouteCalculator" ]
    },
    "read" : {
      "permissions" : [ "geo:DescribeRouteCalculator" ]
    },
    "delete" : {
      "permissions" : [ "geo:DeleteRouteCalculator" ]
    },
    "list" : {
      "permissions" : [ "geo:ListRouteCalculators" ]
    }
  }
}