{
  "tagging" : {
    "taggable" : true,
    "tagOnCreate" : true,
    "tagUpdatable" : true,
    "tagProperty" : "/properties/Tags",
    "cloudFormationSystemTags" : false
  },
  "typeName" : "AWS::EC2::IPAMPool",
  "readOnlyProperties" : [ "/properties/IpamPoolId", "/properties/Arn", "/properties/IpamScopeArn", "/properties/IpamScopeType", "/properties/IpamArn", "/properties/PoolDepth", "/properties/State", "/properties/StateMessage" ],
  "description" : "Resource Schema of AWS::EC2::IPAMPool Type",
  "createOnlyProperties" : [ "/properties/IpamScopeId", "/properties/SourceIpamPoolId", "/properties/Locale", "/properties/AddressFamily", "/properties/PubliclyAdvertisable", "/properties/PublicIpSource", "/properties/AwsService" ],
  "primaryIdentifier" : [ "/properties/IpamPoolId" ],
  "required" : [ "IpamScopeId", "AddressFamily" ],
  "sourceUrl" : "https://github.com/aws-cloudformation/aws-cloudformation-resource-providers-ipam.git",
  "propertyTransform" : {
    "/properties/AddressFamily" : "$lowercase(AddressFamily)"
  },
  "handlers" : {
    "read" : {
      "permissions" : [ "ec2:DescribeIpamPools", "ec2:GetIpamPoolCidrs" ]
    },
    "create" : {
      "permissions" : [ "ec2:CreateIpamPool", "ec2:DescribeIpamPools", "ec2:ProvisionIpamPoolCidr", "ec2:GetIpamPoolCidrs", "ec2:CreateTags" ]
    },
    "update" : {
      "permissions" : [ "ec2:ModifyIpamPool", "ec2:DescribeIpamPools", "ec2:GetIpamPoolCidrs", "ec2:ProvisionIpamPoolCidr", "ec2:DeprovisionIpamPoolCidr", "ec2:CreateTags", "ec2:DeleteTags" ]
    },
    "list" : {
      "permissions" : [ "ec2:DescribeIpamPools" ]
    },
    "delete" : {
      "permissions" : [ "ec2:DeleteIpamPool", "ec2:DescribeIpamPools", "ec2:GetIpamPoolCidrs", "ec2:DeprovisionIpamPoolCidr", "ec2:DeleteTags" ]
    }
  },
  "additionalProperties" : false,
  "definitions" : {
    "Cidr" : {
      "description" : "Represents a single IPv4 or IPv6 CIDR",
      "type" : "string"
    },
    "ProvisionedCidr" : {
      "description" : "An address space to be inserted into this pool. All allocations must be made from this address space.",
      "additionalProperties" : false,
      "type" : "object",
      "properties" : {
        "Cidr" : {
          "$ref" : "#/definitions/Cidr"
        }
      },
      "required" : [ "Cidr" ]
    },
    "Tag" : {
      "description" : "A key-value pair to associate with a resource.",
      "additionalProperties" : false,
      "type" : "object",
      "properties" : {
        "Value" : {
          "minLength" : 0,
          "description" : "The value for the tag. You can specify a value that is 0 to 256 Unicode characters in length and cannot be prefixed with aws:. You can use any of the following characters: the set of Unicode letters, digits, whitespace, _, ., /, =, +, and -.",
          "type" : "string",
          "maxLength" : 256
        },
        "Key" : {
          "minLength" : 1,
          "description" : "The key name of the tag. You can specify a value that is 1 to 128 Unicode characters in length and cannot be prefixed with aws:. You can use any of the following characters: the set of Unicode letters, digits, whitespace, _, ., /, =, +, and -.",
          "type" : "string",
          "maxLength" : 128
        }
      },
      "required" : [ "Key", "Value" ]
    }
  },
  "properties" : {
    "AwsService" : {
      "description" : "Limits which service in Amazon Web Services that the pool can be used in.",
      "type" : "string",
      "enum" : [ "ec2" ]
    },
    "Locale" : {
      "description" : "The region of this pool. If not set, this will default to \"None\" which will disable non-custom allocations. If the locale has been specified for the source pool, this value must match.",
      "type" : "string"
    },
    "PublicIpSource" : {
      "description" : "The IP address source for pools in the public scope. Only used for provisioning IP address CIDRs to pools in the public scope. Default is `byoip`.",
      "type" : "string",
      "enum" : [ "byoip", "amazon" ]
    },
    "Description" : {
      "type" : "string"
    },
    "IpamPoolId" : {
      "description" : "Id of the IPAM Pool.",
      "type" : "string"
    },
    "IpamArn" : {
      "description" : "The Amazon Resource Name (ARN) of the IPAM this pool is a part of.",
      "type" : "string"
    },
    "SourceIpamPoolId" : {
      "description" : "The Id of this pool's source. If set, all space provisioned in this pool must be free space provisioned in the parent pool.",
      "type" : "string"
    },
    "IpamScopeArn" : {
      "description" : "The Amazon Resource Name (ARN) of the scope this pool is a part of.",
      "type" : "string"
    },
    "IpamScopeType" : {
      "description" : "Determines whether this scope contains publicly routable space or space for a private network",
      "type" : "string",
      "enum" : [ "public", "private" ]
    },
    "AllocationMinNetmaskLength" : {
      "description" : "The minimum allowed netmask length for allocations made from this pool.",
      "type" : "integer"
    },
    "IpamScopeId" : {
      "description" : "The Id of the scope this pool is a part of.",
      "type" : "string"
    },
    "ProvisionedCidrs" : {
      "uniqueItems" : true,
      "description" : "A list of cidrs representing the address space available for allocation in this pool.",
      "insertionOrder" : false,
      "type" : "array",
      "items" : {
        "$ref" : "#/definitions/ProvisionedCidr"
      }
    },
    "AllocationMaxNetmaskLength" : {
      "description" : "The maximum allowed netmask length for allocations made from this pool.",
      "type" : "integer"
    },
    "PoolDepth" : {
      "description" : "The depth of this pool in the source pool hierarchy.",
      "type" : "integer"
    },
    "State" : {
      "description" : "The state of this pool. This can be one of the following values: \"create-in-progress\", \"create-complete\", \"modify-in-progress\", \"modify-complete\", \"delete-in-progress\", or \"delete-complete\"",
      "type" : "string",
      "enum" : [ "create-in-progress", "create-complete", "modify-in-progress", "modify-complete", "delete-in-progress", "delete-complete" ]
    },
    "AllocationDefaultNetmaskLength" : {
      "description" : "The default netmask length for allocations made from this pool. This value is used when the netmask length of an allocation isn't specified.",
      "type" : "integer"
    },
    "AutoImport" : {
      "description" : "Determines what to do if IPAM discovers resources that haven't been assigned an allocation. If set to true, an allocation will be made automatically.",
      "type" : "boolean"
    },
    "AddressFamily" : {
      "description" : "The address family of the address space in this pool. Either IPv4 or IPv6.",
      "type" : "string"
    },
    "Arn" : {
      "description" : "The Amazon Resource Name (ARN) of the IPAM Pool.",
      "type" : "string"
    },
    "StateMessage" : {
      "description" : "An explanation of how the pool arrived at it current state.",
      "type" : "string"
    },
    "AllocationResourceTags" : {
      "uniqueItems" : true,
      "description" : "When specified, an allocation will not be allowed unless a resource has a matching set of tags.",
      "insertionOrder" : false,
      "type" : "array",
      "items" : {
        "$ref" : "#/definitions/Tag"
      }
    },
    "PubliclyAdvertisable" : {
      "description" : "Determines whether or not address space from this pool is publicly advertised. Must be set if and only if the pool is IPv6.",
      "type" : "boolean"
    },
    "Tags" : {
      "uniqueItems" : true,
      "description" : "An array of key-value pairs to apply to this resource.",
      "insertionOrder" : false,
      "type" : "array",
      "items" : {
        "$ref" : "#/definitions/Tag"
      }
    }
  }
}