{
  "typeName" : "AWS::ApiGateway::Account",
  "description" : "The ``AWS::ApiGateway::Account`` resource specifies the IAM role that Amazon API Gateway uses to write API logs to Amazon CloudWatch Logs. To avoid overwriting other roles, you should only have one ``AWS::ApiGateway::Account`` resource per region per account.",
  "sourceUrl" : "https://github.com/aws-cloudformation/aws-cloudformation-resource-providers-apigateway",
  "additionalProperties" : false,
  "properties" : {
    "Id" : {
      "description" : "",
      "type" : "string"
    },
    "CloudWatchRoleArn" : {
      "description" : "The ARN of an Amazon CloudWatch role for the current Account.",
      "type" : "string"
    }
  },
  "primaryIdentifier" : [ "/properties/Id" ],
  "readOnlyProperties" : [ "/properties/Id" ],
  "handlers" : {
    "create" : {
      "permissions" : [ "apigateway:PATCH", "iam:GetRole", "iam:PassRole" ]
    },
    "read" : {
      "permissions" : [ "apigateway:GET" ]
    },
    "update" : {
      "permissions" : [ "apigateway:PATCH", "iam:GetRole", "iam:PassRole" ]
    },
    "delete" : {
      "permissions" : [ ]
    }
  }
}